isHome,shotType,situation,bodyPart,goalMouthLocation,xg,id,time,addedTime,timeSeconds,reversedPeriodTime,reversedPeriodTimeSeconds,incidentType,player.name,player.firstName,player.lastName,player.slug,player.shortName,player.position,player.userCount,player.id,playerCoordinates.x,playerCoordinates.y,playerCoordinates.z,goalMouthCoordinates.x,goalMouthCoordinates.y,goalMouthCoordinates.z,draw.start.x,draw.start.y,draw.end.x,draw.end.y,draw.goal.x,draw.goal.y,blockCoordinates.x,blockCoordinates.y,blockCoordinates.z,draw.block.x,draw.block.y,xgot,goalType,color
True,block,assisted,right-foot,low-left,0.048168450593948,2279043,82,,4911,9,489,shot,Scott Arfield,,,scott-arfield,S. Arfield,M,228,17056,20.2,39.2,0,0,52.5,19.0,39.2,20.2,47.5,0,47.5,81.0,17.2,40.4,0.0,40.4,17.2,,,#ea6969
True,save,assisted,left-foot,low-right,0.18812312185764,2279016,71,,4259,20,1141,shot,Karol Świderski,,,karol-swiderski,K. Świderski,F,3298,576438,13.1,54.6,0,0,47.0,10.1,54.6,13.1,53.0,0,53.0,89.9,11.0,54.0,0.0,54.0,11.0,0.5382,,#ea6969
True,save,regular,right-foot,low-left,0.04532628506422,2279006,69,,4112,22,1288,shot,Justin Meram,,,justin-meram,J. Meram,M,276,149138,15.2,26.4,0,0,53.6,3.2,26.4,15.2,46.4,0,46.4,96.8,1.2,48.2,0.0,48.2,1.2,0.1758,,#ea6969
True,miss,corner,right-foot,high,0.03344651311636,2278996,67,,3962,24,1438,shot,Brandt Bronico,,,brandt-bronico,B. Bronico,M,31,873709,18.2,62.7,0,0,50.4,80.6,62.7,18.2,49.6,0,49.6,19.4,,,,,,,,#ea6969
True,block,assisted,right-foot,low-right,0.027975404635072,2278971,59,,3520,32,1880,shot,Kerwin Calderón Vargas,Kerwin Calderón Vargas,,kerwin-calderon-vargas,K. C. Vargas,F,161,1131136,14.8,27.6,0,0,46.3,19.0,27.6,14.8,53.7,0,53.7,81.0,12.5,31.6,0.0,31.6,12.5,,,#ea6969
True,save,regular,right-foot,low-left,0.020988883450627,2278858,45,1.0,2717,1,2683,shot,Andrew Privett,Andrew Privett,,privett-andrew,A. Privett,D,10,1470300,26.2,67.4,0,0,54.2,7.6,67.4,26.2,45.8,0,45.8,92.4,2.5,50.9,0.0,50.9,2.5,0.3966,,#ea6969
True,miss,assisted,head,left,0.052318155765533,2278849,42,,2510,4,190,shot,Enzo Copetti,,,enzo-copetti,E. Copetti,F,462,860045,5.6,39.9,0,0,60.3,4.2,39.9,5.6,39.7,0,39.7,95.8,2.5,41.3,0.0,41.3,2.5,,,#ea6969
True,block,assisted,right-foot,low-right,0.063116751611233,2278793,26,,1530,20,1170,shot,Kerwin Calderón Vargas,Kerwin Calderón Vargas,,kerwin-calderon-vargas,K. C. Vargas,F,161,1131136,11.6,33.6,0,0,48.2,19.0,33.6,11.6,51.8,0,51.8,81.0,9.6,36.8,0.0,36.8,9.6,,,#ea6969
True,miss,corner,right-foot,left,0.016288222745061,2278774,20,,1177,26,1523,shot,Jere Uronen,,,jere-uronen,J. Uronen,D,213,138463,26.8,48.2,0,0,60.7,30.6,48.2,26.8,39.3,0,39.3,69.4,,,,,,,,#ea6969
True,block,free-kick,left-foot,low-left,0.048951629549265,2278770,20,,1140,26,1560,shot,Karol Świderski,,,karol-swiderski,K. Świderski,F,3298,576438,27.5,49.3,0,0,52.8,19.0,49.3,27.5,47.2,0,47.2,81.0,15.7,48.4,0.0,48.4,15.7,,,#ea6969
True,goal,assisted,left-foot,low-right,0.099574655294418,2278744,13,,764,33,1936,shot,Kerwin Calderón Vargas,Kerwin Calderón Vargas,,kerwin-calderon-vargas,K. C. Vargas,F,161,1131136,12.0,45.7,0,0,45.8,12.0,45.7,12.0,54.2,0,54.2,88.0,,,,,,0.8066,regular,#00FF00
False,save,assisted,left-foot,high-centre,0.10081493109465,2271543,82,,4917,9,483,shot,Karol Świderski,,,karol-swiderski,K. Świderski,F,3292,576438,15.1,53.0,0,0,49.7,32.9,53.0,15.1,50.3,0,50.3,67.1,1.8,50.2,0.0,50.2,1.8,0.0698,,#ea6969
False,save,throw-in-set-piece,left-foot,high-centre,0.047153390944004,2271520,68,,4041,23,1359,shot,Karol Świderski,,,karol-swiderski,K. Świderski,F,3292,576438,16.3,64.8,0,0,50.3,31.0,64.8,16.3,49.7,0,49.7,69.0,1.2,51.4,0.0,51.4,1.2,0.0502,,#ea6969
False,miss,regular,right-foot,high,0.044856138527393,2271517,66,,3944,25,1456,shot,Andrew Privett,Andrew Privett,,privett-andrew,A. Privett,D,10,1470300,23.2,54.3,0,0,46.2,77.8,54.3,23.2,53.8,0,53.8,22.2,,,,,,,,#ea6969
False,goal,assisted,right-foot,high-centre,0.1180374622345,2271505,52,,3117,39,2283,shot,Kerwin Calderón Vargas,Kerwin Calderón Vargas,,kerwin-calderon-vargas,K. C. Vargas,F,162,1131136,12.1,38.0,0,0,48.4,22.8,38.0,12.1,51.6,0,51.6,77.2,,,,,,0.3991,regular,#00FF00
False,save,regular,right-foot,low-right,0.071911357343197,2271502,48,,2878,43,2522,shot,Brecht Dejaegere,,,brecht-dejaegere,B. Dejaegere,M,197,122859,12.4,63.9,0,0,47.3,5.1,63.9,12.4,52.7,0,52.7,94.9,1.4,52.0,0.0,52.0,1.4,0.1163,,#ea6969
False,miss,assisted,right-foot,high,0.014717629179358,2271500,47,,2809,44,2591,shot,Kerwin Calderón Vargas,Kerwin Calderón Vargas,,kerwin-calderon-vargas,K. C. Vargas,F,162,1131136,23.7,25.4,0,0,44.9,75.0,25.4,23.7,55.1,0,55.1,25.0,,,,,,,,#ea6969
False,save,assisted,right-foot,low-left,0.047624237835407,2271499,46,,2734,45,2666,shot,Kerwin Calderón Vargas,Kerwin Calderón Vargas,,kerwin-calderon-vargas,K. C. Vargas,F,162,1131136,10.1,32.2,0,0,52.8,2.5,32.2,10.1,47.2,0,47.2,97.5,0.90000000000001,47.3,0.0,47.3,0.90000000000001,0.13,,#ea6969
False,goal,assisted,head,low-right,0.26841661334038,2271472,45,,2652,1,48,shot,Enzo Copetti,,,enzo-copetti,E. Copetti,F,462,860045,7.1,50.4,0,0,46.1,17.1,50.4,7.1,53.9,0,53.9,82.9,,,,,,0.8234,regular,#00FF00
False,miss,corner,head,high-right,0.024480195716023,2271455,37,,2179,9,521,shot,Enzo Copetti,,,enzo-copetti,E. Copetti,F,462,860045,10.3,55.8,0,0,33.1,81.9,55.8,10.3,66.9,0,66.9,18.1,,,,,,,,#ea6969
False,miss,free-kick,right-foot,high,0.084483258426189,2271437,23,,1339,23,1361,shot,Ashley Westwood,,,ashley-westwood,A. Westwood,M,175,49647,19.4,36.7,0,0,51.1,62.5,36.7,19.4,48.9,0,48.9,37.5,,,,,,,,#ea6969
False,save,assisted,right-foot,low-centre,0.13043063879013,2258525,73,,4330,18,1070,shot,Derrick Jones,,,derrick-jones,D. Jones,M,36,844982,13.2,53.0,0,0,51.4,19.6,53.0,13.2,48.6,0,48.6,80.4,0.90000000000001,52.0,0.0,52.0,0.90000000000001,0.0804,,#ea6969
False,save,corner,head,low-centre,0.036535821855068,2258488,65,,3865,26,1535,shot,Enzo Copetti,,,enzo-copetti,E. Copetti,F,462,860045,11.1,44.6,0,0,49.1,15.8,44.6,11.1,50.9,0,50.9,84.2,1.6,49.8,0.0,49.8,1.6,0.0323,,#ea6969
False,save,assisted,left-foot,low-left,0.030095145106316,2258460,59,,3514,32,1886,shot,Kamil Jóźwiak,,,kamil-jozwiak,K. Jóźwiak,M,2804,814820,7.5,29.4,0,0,53.0,1.3,29.4,7.5,47.0,0,47.0,98.7,0.90000000000001,46.9,0.0,46.9,0.90000000000001,0.1376,,#ea6969
False,goal,penalty,left-foot,low-right,0.7884,2258455,58,,3450,33,1950,shot,Karol Świderski,,,karol-swiderski,K. Świderski,F,3292,576438,11.5,50.0,0,0,46.8,2.5,50.0,11.5,53.2,0,53.2,97.5,,,,,,0.99,penalty,#00FF00
False,miss,assisted,left-foot,right,0.051348946988583,2258431,50,,2998,41,2402,shot,Jere Uronen,,,jere-uronen,J. Uronen,D,213,138463,13.3,30.9,0,0,40.3,5.6,30.9,13.3,59.7,0,59.7,94.4,,,,,,,,#ea6969
False,block,free-kick,left-foot,low-centre,0.11928690224886,2258295,37,,2212,9,488,shot,Karol Świderski,,,karol-swiderski,K. Świderski,F,3292,576438,21.5,42.8,0,0,50.7,19.0,42.8,21.5,49.3,0,49.3,81.0,15.0,44.8,0.0,44.8,15.0,,,#ea6969
False,goal,regular,right-foot,low-centre,0.038407329469919,2258199,23,,1362,23,1338,shot,Ashley Westwood,,,ashley-westwood,A. Westwood,M,175,49647,19.4,59.6,0,0,50.9,12.0,59.6,19.4,49.1,0,49.1,88.0,,,,,,0.0247,regular,#00FF00
True,miss,corner,head,close-right,0.024315353482962,2248873,88,,5236,3,164,shot,Derrick Jones,,,derrick-jones,D. Jones,M,36,844982,12.4,52.1,0,0,42.0,4.2,52.1,12.4,58.0,0,58.0,95.8,7.5,53.8,0.0,53.8,7.5,,,#ea6969
True,block,corner,head,low-centre,0.034409761428833,2248853,81,,4851,10,549,shot,Andrew Privett,Andrew Privett,,privett-andrew,A. Privett,D,10,1470300,7.0,57.9,0,0,49.6,19.0,57.9,7.0,50.4,0,50.4,81.0,5.5,56.3,0.0,56.3,5.5,,,#ea6969
True,save,regular,right-foot,low-centre,0.091410212218761,2248833,77,,4616,14,784,shot,Derrick Jones,,,derrick-jones,D. Jones,M,36,844982,10.4,45.6,0,0,50.3,14.6,45.6,10.4,49.7,0,49.7,85.4,2.4,48.9,0.0,48.9,2.4,0.0236,,#ea6969
True,block,assisted,right-foot,low-centre,0.062920123338699,2248813,70,,4183,21,1217,shot,Kamil Jóźwiak,,,kamil-jozwiak,K. Jóźwiak,M,2804,814820,23.1,50.1,0,0,48.9,19.0,50.1,23.1,51.1,0,51.1,81.0,17.2,50.4,0.0,50.4,17.2,,,#ea6969
True,miss,corner,head,close-high,0.13504491746426,2248784,60,,3589,31,1811,shot,Enzo Copetti,,,enzo-copetti,E. Copetti,F,462,860045,6.8,49.3,0,0,50.6,51.4,49.3,6.8,49.4,0,49.4,48.6,,,,,,,,#ea6969
True,goal,assisted,right-foot,high-right,0.33371910452843,2248772,56,,3351,35,2049,shot,Brecht Dejaegere,,,brecht-dejaegere,B. Dejaegere,M,197,122859,4.1,53.0,0,0,46.7,29.1,53.0,4.1,53.3,0,53.3,70.9,,,,,,0.9842,regular,#00FF00
True,miss,assisted,left-foot,left,0.13968352973461,2248695,45,9.0,3211,1,2189,shot,Karol Świderski,,,karol-swiderski,K. Świderski,F,3292,576438,13.9,59.0,0,0,62.4,11.1,59.0,13.9,37.6,0,37.6,88.9,,,,,,,,#ea6969
True,goal,penalty,left-foot,low-left,0.7884,2248691,45,2.0,2818,1,2582,shot,Karol Świderski,,,karol-swiderski,K. Świderski,F,3292,576438,11.5,50.0,0,0,53.9,3.2,50.0,11.5,46.1,0,46.1,96.8,,,,,,0.9937,penalty,#00FF00
True,save,corner,head,low-left,0.068634875118732,2248686,44,,2630,2,70,shot,Enzo Copetti,,,enzo-copetti,E. Copetti,F,462,860045,8.2,44.3,0,0,53.2,5.7,44.3,8.2,46.8,0,46.8,94.3,1.5,49.3,0.0,49.3,1.5,0.1726,,#ea6969
True,block,assisted,head,low-centre,0.064212061464787,2248678,37,,2169,9,531,shot,Karol Świderski,,,karol-swiderski,K. Świderski,F,3292,576438,9.2,50.0,0,0,51.0,19.0,50.0,9.2,49.0,0,49.0,81.0,7.6,49.8,0.0,49.8,7.6,,,#ea6969
True,miss,assisted,head,close-high,0.088909402489662,2248668,30,,1782,16,918,shot,Brecht Dejaegere,,,brecht-dejaegere,B. Dejaegere,M,197,122859,8.3,42.2,0,0,53.9,54.2,42.2,8.3,46.1,0,46.1,45.8,,,,,,,,#ea6969
True,block,free-kick,left-foot,low-left,0.095355160534382,2248665,28,,1624,18,1076,shot,Karol Świderski,,,karol-swiderski,K. Świderski,F,3292,576438,19.6,63.0,0,0,54.2,19.0,63.0,19.6,45.8,0,45.8,81.0,11.4,55.8,0.0,55.8,11.4,,,#ea6969
True,miss,corner,head,close-right,0.45045652985573,2248639,14,,834,32,1866,shot,Enzo Copetti,,,enzo-copetti,E. Copetti,F,462,860045,4.8,52.5,0,0,43.0,12.5,52.5,4.8,57.0,0,57.0,87.5,,,,,,,,#ea6969
True,miss,free-kick,left-foot,close-high,0.084483258426189,2248632,13,,721,33,1979,shot,Karol Świderski,,,karol-swiderski,K. Świderski,F,3292,576438,19.1,35.5,0,0,45.5,48.6,35.5,19.1,54.5,0,54.5,51.4,,,,,,,,#ea6969
True,goal,penalty,left-foot,low-left,0.7884,2248622,8,,470,38,2230,shot,Karol Świderski,,,karol-swiderski,K. Świderski,F,3292,576438,11.5,50.0,0,0,53.6,3.2,50.0,11.5,46.4,0,46.4,96.8,,,,,,0.9924,penalty,#00FF00
True,save,assisted,right-foot,low-centre,0.11106882244349,2248608,4,,200,42,2500,shot,Enzo Copetti,,,enzo-copetti,E. Copetti,F,462,860045,13.6,55.1,0,0,49.8,10.1,55.1,13.6,50.2,0,50.2,89.9,2.0,51.4,0.0,51.4,2.0,0.0191,,#ea6969
True,block,assisted,right-foot,low-centre,0.075464703142643,2248603,2,,117,44,2583,shot,Brandt Bronico,,,brandt-bronico,B. Bronico,M,31,873709,14.8,61.0,0,0,49.0,19.0,61.0,14.8,51.0,0,51.0,81.0,12.4,59.4,0.0,59.4,12.4,,,#ea6969
False,goal,regular,left-foot,low-left,0.11529137939215,2239373,84,,4995,7,405,shot,Karol Świderski,,,karol-swiderski,K. Świderski,F,3292,576438,15.8,49.3,0,0,54.0,2.5,49.3,15.8,46.0,0,46.0,97.5,,,,,,0.4006,regular,#00FF00
False,block,assisted,left-foot,low-centre,0.057418201118708,2239360,83,,4920,8,480,shot,Karol Świderski,,,karol-swiderski,K. Świderski,F,3292,576438,19.0,50.1,0,0,50.0,19.0,50.1,19.0,50.0,0,50.0,81.0,4.0,50.0,0.0,50.0,4.0,,,#ea6969
False,miss,assisted,head,close-left,0.040935385972261,2239354,82,,4860,9,540,shot,Enzo Copetti,,,enzo-copetti,E. Copetti,F,462,860045,11.0,49.7,0,0,57.0,37.5,49.7,11.0,43.0,0,43.0,62.5,,,,,,,,#ea6969
False,save,regular,right-foot,low-left,0.095959059894085,2239316,75,,4496,16,904,shot,Scott Arfield,,,scott-arfield,S. Arfield,M,229,17056,12.8,52.8,0,0,52.3,2.5,52.8,12.8,47.7,0,47.7,97.5,1.0,51.4,0.0,51.4,1.0,0.1617,,#ea6969
False,block,regular,right-foot,low-centre,0.10342255234718,2239314,75,,4495,16,905,shot,Scott Arfield,,,scott-arfield,S. Arfield,M,229,17056,11.7,49.0,0,0,50.6,19.0,49.0,11.7,49.4,0,49.4,81.0,9.2,49.1,0.0,49.1,9.2,,,#ea6969
False,block,assisted,right-foot,low-centre,0.12574860453606,2239310,75,,4492,16,908,shot,Scott Arfield,,,scott-arfield,S. Arfield,M,229,17056,14.9,47.8,0,0,48.3,19.0,47.8,14.9,51.7,0,51.7,81.0,10.6,48.9,0.0,48.9,10.6,,,#ea6969
False,miss,assisted,left-foot,close-high,0.087533004581928,2239243,61,,3610,30,1790,shot,Jere Uronen,,,jere-uronen,J. Uronen,D,213,138463,13.4,38.2,0,0,54.1,58.3,38.2,13.4,45.9,0,45.9,41.7,,,,,,,,#ea6969
False,miss,assisted,head,left,0.087580397725105,2239209,54,,3220,37,2180,shot,Karol Świderski,,,karol-swiderski,K. Świderski,F,3292,576438,8.4,51.0,0,0,67.1,4.2,51.0,8.4,32.9,0,32.9,95.8,,,,,,,,#ea6969
False,miss,assisted,right-foot,high,0.021549163386226,2239171,50,,2953,41,2447,shot,Ashley Westwood,,,ashley-westwood,A. Westwood,M,175,49647,28.6,40.4,0,0,45.9,86.1,40.4,28.6,54.1,0,54.1,13.9,,,,,,,,#ea6969
False,miss,corner,head,close-high,0.19807064533234,2239165,48,,2871,43,2529,shot,Adilson Malanda,Adilson Malanda,,adilson-malanda,A. Malanda,D,57,1095645,4.6,47.4,0,0,48.1,48.6,47.4,4.6,51.9,0,51.9,51.4,,,,,,,,#ea6969
False,block,assisted,head,low-right,0.063437104225159,2239064,45,1.0,2715,1,2685,shot,Brandt Bronico,,,brandt-bronico,B. Bronico,M,31,873709,9.3,46.3,0,0,47.8,19.0,46.3,9.3,52.2,0,52.2,81.0,2.3,50.7,0.0,50.7,2.3,,,#ea6969
False,post,assisted,right-foot,high,0.070795319974422,2239067,45,,2694,1,6,shot,Karol Świderski,,,karol-swiderski,K. Świderski,F,3292,576438,9.4,61.5,0,0,45.5,38.6,61.5,9.4,54.5,0,54.5,61.4,,,,,,,,#ea6969
False,miss,assisted,left-foot,high,0.064252980053425,2239035,40,,2389,6,311,shot,Karol Świderski,,,karol-swiderski,K. Świderski,F,3292,576438,18.8,38.6,0,0,51.8,95.8,38.6,18.8,48.2,0,48.2,4.2,,,,,,,,#ea6969
False,miss,corner,head,close-right,0.028325639665127,2238965,23,,1374,23,1326,shot,Adilson Malanda,Adilson Malanda,,adilson-malanda,A. Malanda,D,57,1095645,7.2,39.2,0,0,43.2,11.1,39.2,7.2,56.8,0,56.8,88.9,1.2,53.8,0.0,53.8,1.2,,,#ea6969
False,block,corner,left-foot,low-centre,0.082396544516087,2238899,8,,424,38,2276,shot,Karol Świderski,,,karol-swiderski,K. Świderski,F,3292,576438,12.2,44.5,0,0,51.0,19.0,44.5,12.2,49.0,0,49.0,81.0,8.5,45.8,0.0,45.8,8.5,,,#ea6969
False,block,assisted,left-foot,low-left,0.018971920013428,2238896,7,,385,39,2315,shot,Orrin McKinze Gaines II.,,,orrin-mckinze-gaines-ii,O. M. G. II.,F,28,818397,15.3,69.9,0,0,52.6,19.0,69.9,15.3,47.4,0,47.4,81.0,8.5,59.9,0.0,59.9,8.5,,,#ea6969
False,goal,regular,left-foot,low-left,0.11529137939215,2239373,84,,4995,7,405,shot,Karol Świderski,,,karol-swiderski,K. Świderski,F,3292,576438,15.8,49.3,0,0,54.0,2.5,49.3,15.8,46.0,0,46.0,97.5,,,,,,0.4006,regular,#00FF00
False,block,assisted,left-foot,low-centre,0.057418201118708,2239360,83,,4920,8,480,shot,Karol Świderski,,,karol-swiderski,K. Świderski,F,3292,576438,19.0,50.1,0,0,50.0,19.0,50.1,19.0,50.0,0,50.0,81.0,4.0,50.0,0.0,50.0,4.0,,,#ea6969
False,miss,assisted,head,close-left,0.040935385972261,2239354,82,,4860,9,540,shot,Enzo Copetti,,,enzo-copetti,E. Copetti,F,462,860045,11.0,49.7,0,0,57.0,37.5,49.7,11.0,43.0,0,43.0,62.5,,,,,,,,#ea6969
False,save,regular,right-foot,low-left,0.095959059894085,2239316,75,,4496,16,904,shot,Scott Arfield,,,scott-arfield,S. Arfield,M,229,17056,12.8,52.8,0,0,52.3,2.5,52.8,12.8,47.7,0,47.7,97.5,1.0,51.4,0.0,51.4,1.0,0.1617,,#ea6969
False,block,regular,right-foot,low-centre,0.10342255234718,2239314,75,,4495,16,905,shot,Scott Arfield,,,scott-arfield,S. Arfield,M,229,17056,11.7,49.0,0,0,50.6,19.0,49.0,11.7,49.4,0,49.4,81.0,9.2,49.1,0.0,49.1,9.2,,,#ea6969
False,block,assisted,right-foot,low-centre,0.12574860453606,2239310,75,,4492,16,908,shot,Scott Arfield,,,scott-arfield,S. Arfield,M,229,17056,14.9,47.8,0,0,48.3,19.0,47.8,14.9,51.7,0,51.7,81.0,10.6,48.9,0.0,48.9,10.6,,,#ea6969
False,miss,assisted,left-foot,close-high,0.087533004581928,2239243,61,,3610,30,1790,shot,Jere Uronen,,,jere-uronen,J. Uronen,D,213,138463,13.4,38.2,0,0,54.1,58.3,38.2,13.4,45.9,0,45.9,41.7,,,,,,,,#ea6969
False,miss,assisted,head,left,0.087580397725105,2239209,54,,3220,37,2180,shot,Karol Świderski,,,karol-swiderski,K. Świderski,F,3292,576438,8.4,51.0,0,0,67.1,4.2,51.0,8.4,32.9,0,32.9,95.8,,,,,,,,#ea6969
False,miss,assisted,right-foot,high,0.021549163386226,2239171,50,,2953,41,2447,shot,Ashley Westwood,,,ashley-westwood,A. Westwood,M,175,49647,28.6,40.4,0,0,45.9,86.1,40.4,28.6,54.1,0,54.1,13.9,,,,,,,,#ea6969
False,miss,corner,head,close-high,0.19807064533234,2239165,48,,2871,43,2529,shot,Adilson Malanda,Adilson Malanda,,adilson-malanda,A. Malanda,D,57,1095645,4.6,47.4,0,0,48.1,48.6,47.4,4.6,51.9,0,51.9,51.4,,,,,,,,#ea6969
False,block,assisted,head,low-right,0.063437104225159,2239064,45,1.0,2715,1,2685,shot,Brandt Bronico,,,brandt-bronico,B. Bronico,M,31,873709,9.3,46.3,0,0,47.8,19.0,46.3,9.3,52.2,0,52.2,81.0,2.3,50.7,0.0,50.7,2.3,,,#ea6969
False,post,assisted,right-foot,high,0.070795319974422,2239067,45,,2694,1,6,shot,Karol Świderski,,,karol-swiderski,K. Świderski,F,3292,576438,9.4,61.5,0,0,45.5,38.6,61.5,9.4,54.5,0,54.5,61.4,,,,,,,,#ea6969
False,miss,assisted,left-foot,high,0.064252980053425,2239035,40,,2389,6,311,shot,Karol Świderski,,,karol-swiderski,K. Świderski,F,3292,576438,18.8,38.6,0,0,51.8,95.8,38.6,18.8,48.2,0,48.2,4.2,,,,,,,,#ea6969
False,miss,corner,head,close-right,0.028325639665127,2238965,23,,1374,23,1326,shot,Adilson Malanda,Adilson Malanda,,adilson-malanda,A. Malanda,D,57,1095645,7.2,39.2,0,0,43.2,11.1,39.2,7.2,56.8,0,56.8,88.9,1.2,53.8,0.0,53.8,1.2,,,#ea6969
False,block,corner,left-foot,low-centre,0.082396544516087,2238899,8,,424,38,2276,shot,Karol Świderski,,,karol-swiderski,K. Świderski,F,3292,576438,12.2,44.5,0,0,51.0,19.0,44.5,12.2,49.0,0,49.0,81.0,8.5,45.8,0.0,45.8,8.5,,,#ea6969
False,block,assisted,left-foot,low-left,0.018971920013428,2238896,7,,385,39,2315,shot,Orrin McKinze Gaines II.,,,orrin-mckinze-gaines-ii,O. M. G. II.,F,28,818397,15.3,69.9,0,0,52.6,19.0,69.9,15.3,47.4,0,47.4,81.0,8.5,59.9,0.0,59.9,8.5,,,#ea6969
True,miss,fast-break,right-foot,left,0.058316245675087,2211025,90,2.0,5462,1,838,shot,Patrick Agyemang,Patrick Agyemang,,agyemang-patrick,P. Agyemang,F,76,1470298,11.0,67.6,0,0,61.8,6.9,67.6,11.0,38.2,0,38.2,93.1,,,,,,,,#ea6969
True,post,fast-break,right-foot,high,0.38140097260475,2210961,80,,4762,11,638,shot,Derrick Jones,,,derrick-jones,D. Jones,M,36,844982,14.4,45.0,0,0,48.4,38.6,45.0,14.4,51.6,0,51.6,61.4,,,,,,,,#ea6969
True,save,assisted,left-foot,low-centre,0.23012319207191,2210954,78,,4637,13,763,shot,Enzo Copetti,,,enzo-copetti,E. Copetti,F,462,860045,10.8,40.5,0,0,51.7,12.7,40.5,10.8,48.3,0,48.3,87.3,5.4,45.1,0.0,45.1,5.4,0.0531,,#ea6969
True,goal,assisted,head,low-centre,0.47486370801926,2210904,61,,3650,30,1750,shot,Karol Świderski,,,karol-swiderski,K. Świderski,F,3292,576438,3.0,54.7,0,0,50.0,15.2,54.7,3.0,50.0,0,50.0,84.8,,,,,,0.4067,regular,#00FF00
True,block,assisted,right-foot,low-right,0.023469569161534,2210906,61,,3647,30,1753,shot,Brandt Bronico,,,brandt-bronico,B. Bronico,M,31,873709,3.7,69.2,0,0,47.1,8.3,69.2,3.7,52.9,0,52.9,91.7,2.9,66.2,0.0,66.2,2.9,,,#ea6969
True,goal,regular,right-foot,low-left,0.079060025513172,2210882,55,,3266,36,2134,shot,Justin Meram,,,justin-meram,J. Meram,M,276,149138,12.6,47.2,0,0,53.2,16.5,47.2,12.6,46.8,0,46.8,83.5,,,,,,0.2087,regular,#00FF00
True,save,assisted,right-foot,low-left,0.079100385308266,2210769,38,,2225,8,475,shot,Justin Meram,,,justin-meram,J. Meram,M,276,149138,9.1,41.9,0,0,53.3,1.9,41.9,9.1,46.7,0,46.7,98.1,1.4,48.4,0.0,48.4,1.4,0.2588,,#ea6969
True,miss,regular,right-foot,left,0.13365890085697,2210765,38,,2224,8,476,shot,Enzo Copetti,,,enzo-copetti,E. Copetti,F,462,860045,12.8,52.8,0,0,72.4,11.1,52.8,12.8,27.6,0,27.6,88.9,8.6,39.5,0.0,39.5,8.6,,,#ea6969
True,block,assisted,left-foot,low-centre,0.21566301584244,2210738,31,,1804,15,896,shot,Karol Świderski,,,karol-swiderski,K. Świderski,F,3292,576438,11.1,43.9,0,0,50.5,19.0,43.9,11.1,49.5,0,49.5,81.0,9.0,44.9,0.0,44.9,9.0,,,#ea6969
True,miss,assisted,head,right,0.074815198779106,2210710,22,,1304,24,1396,shot,Benjamin Bender,,,benjamin-bender,B. Bender,M,98,982691,8.7,55.5,0,0,39.8,13.9,55.5,8.7,60.2,0,60.2,86.1,,,,,,,,#ea6969
True,save,assisted,left-foot,low-right,0.023796018213034,2210709,22,,1260,24,1440,shot,Enzo Copetti,,,enzo-copetti,E. Copetti,F,462,860045,9.8,29.0,0,0,47.9,1.9,29.0,9.8,52.1,0,52.1,98.1,0.7,45.8,0.0,45.8,0.7,0.1859,,#ea6969
True,save,assisted,right-foot,low-right,0.030777033418417,2210690,12,,694,34,2006,shot,Nathan Byrne,,,nathan-byrne,N. Byrne,D,25,147887,26.1,51.5,0,0,47.6,3.8,51.5,26.1,52.4,0,52.4,96.2,2.0,50.2,0.0,50.2,2.0,0.1247,,#ea6969
True,block,assisted,right-foot,low-left,0.024312390014529,2202400,90,3.0,5543,1,757,shot,Scott Arfield,,,scott-arfield,S. Arfield,M,229,17056,25.9,55.9,0,0,52.0,19.0,55.9,25.9,48.0,0,48.0,81.0,21.4,54.5,0.0,54.5,21.4,,,#ea6969
True,block,assisted,right-foot,low-centre,0.023281941190362,2202379,86,,5153,5,247,shot,Scott Arfield,,,scott-arfield,S. Arfield,M,229,17056,12.8,70.5,0,0,48.5,19.0,70.5,12.8,51.5,0,51.5,81.0,12.4,69.7,0.0,69.7,12.4,,,#ea6969
True,miss,assisted,head,close-high,0.070071250200272,2202278,67,,3994,24,1406,shot,Justin Meram,,,justin-meram,J. Meram,M,276,149138,5.0,41.0,0,0,51.8,45.8,41.0,5.0,48.2,0,48.2,54.2,,,,,,,,#ea6969
True,block,regular,left-foot,low-left,0.034937426447868,2202236,59,,3501,32,1899,shot,Enzo Copetti,,,enzo-copetti,E. Copetti,F,462,860045,19.0,46.4,0,0,53.8,19.0,46.4,19.0,46.2,0,46.2,81.0,17.6,46.4,0.0,46.4,17.6,,,#ea6969
True,block,assisted,right-foot,low-right,0.17506192624569,2202110,44,,2631,2,69,shot,Brecht Dejaegere,,,brecht-dejaegere,B. Dejaegere,M,197,122859,9.4,49.9,0,0,47.1,19.0,49.9,9.4,52.9,0,52.9,81.0,8.5,50.2,0.0,50.2,8.5,,,#ea6969
True,save,assisted,head,low-centre,0.025927348062396,2202078,41,,2409,5,291,shot,Enzo Copetti,,,enzo-copetti,E. Copetti,F,462,860045,14.7,44.0,0,0,49.9,16.5,44.0,14.7,50.1,0,50.1,83.5,4.0,48.9,0.0,48.9,4.0,0.0155,,#ea6969
True,miss,assisted,right-foot,high-right,0.027828332036734,2202088,39,,2337,7,363,shot,Brecht Dejaegere,,,brecht-dejaegere,B. Dejaegere,M,197,122859,14.7,27.0,0,0,35.1,54.2,27.0,14.7,64.9,0,64.9,45.8,,,,,,,,#ea6969
True,block,assisted,right-foot,low-right,0.018485955893993,2202075,39,,2329,7,371,shot,Brecht Dejaegere,,,brecht-dejaegere,B. Dejaegere,M,197,122859,21.5,35.8,0,0,46.9,16.7,35.8,21.5,53.1,0,53.1,83.3,18.1,37.9,0.0,37.9,18.1,,,#ea6969
True,block,regular,right-foot,low-centre,0.12763087451458,2202027,26,,1539,20,1161,shot,Brandt Bronico,,,brandt-bronico,B. Bronico,M,31,873709,7.5,45.2,0,0,50.4,19.0,45.2,7.5,49.6,0,49.6,81.0,6.7,45.7,0.0,45.7,6.7,,,#ea6969
True,block,assisted,left-foot,high-centre,0.056753322482109,2202026,26,,1536,20,1164,shot,Benjamin Bender,,,benjamin-bender,B. Bender,M,98,982691,23.9,61.8,0,0,51.8,22.2,61.8,23.9,48.2,0,48.2,77.8,14.1,56.5,0.0,56.5,14.1,,,#ea6969
True,miss,corner,left-foot,high-right,0.016097700223327,2202011,22,,1310,24,1390,shot,Jere Uronen,,,jere-uronen,J. Uronen,D,213,138463,20.8,35.5,0,0,32.1,80.6,35.5,20.8,67.9,0,67.9,19.4,,,,,,,,#ea6969
True,save,fast-break,left-foot,low-left,0.28059652447701,2201975,8,,454,38,2246,shot,Brandt Bronico,,,brandt-bronico,B. Bronico,M,31,873709,12.5,49.1,0,0,52.9,8.9,49.1,12.5,47.1,0,47.1,91.1,2.3,50.7,0.0,50.7,2.3,0.2084,,#ea6969
True,miss,regular,right-foot,close-right,0.065813720226288,2201961,4,,236,42,2464,shot,Benjamin Bender,,,benjamin-bender,B. Bender,M,98,982691,3.1,61.6,0,0,43.4,9.7,61.6,3.1,56.6,0,56.6,90.3,,,,,,,,#ea6969
True,block,assisted,right-foot,low-centre,0.045117769390345,2201966,4,,213,42,2487,shot,Brandt Bronico,,,brandt-bronico,B. Bronico,M,31,873709,15.5,59.8,0,0,49.0,19.0,59.8,15.5,51.0,0,51.0,81.0,12.5,58.1,0.0,58.1,12.5,,,#ea6969
False,goal,assisted,right-foot,low-left,0.02085617184639,2184321,90,3.0,5545,1,755,shot,Scott Arfield,,,scott-arfield,S. Arfield,M,229,17056,24.4,50.0,0,0,54.0,4.4,50.0,24.4,46.0,0,46.0,95.6,,,,,,0.3371,regular,#00FF00
False,block,assisted,right-foot,low-centre,0.052621189504862,2184314,88,,5277,3,123,shot,Justin Meram,,,justin-meram,J. Meram,M,276,149138,4.1,34.9,0,0,50.3,4.2,34.9,4.1,49.7,0,49.7,95.8,3.3,37.0,0.0,37.0,3.3,,,#ea6969
False,miss,regular,left-foot,close-right,0.061252806335688,2184300,87,,5170,4,230,shot,Benjamin Bender,,,benjamin-bender,B. Bender,M,98,982691,9.8,61.8,0,0,42.9,12.5,61.8,9.8,57.1,0,57.1,87.5,,,,,,,,#ea6969
False,save,assisted,right-foot,low-centre,0.075631901621819,2184298,86,,5132,5,268,shot,Justin Meram,,,justin-meram,J. Meram,M,276,149138,15.7,37.5,0,0,48.9,1.9,37.5,15.7,51.1,0,51.1,98.1,2.3,48.4,0.0,48.4,2.3,0.0672,,#ea6969
False,miss,assisted,right-foot,left,0.022001447156072,2184295,85,,5077,6,323,shot,Kerwin Calderón Vargas,Kerwin Calderón Vargas,,kerwin-calderon-vargas,K. C. Vargas,F,162,1131136,24.5,50.9,0,0,62.5,18.1,50.9,24.5,37.5,0,37.5,81.9,,,,,,,,#ea6969
False,block,assisted,left-foot,low-left,0.025157807394862,2184278,78,,4620,13,780,shot,Scott Arfield,,,scott-arfield,S. Arfield,M,229,17056,6.7,30.1,0,0,51.9,9.7,30.1,6.7,48.1,0,48.1,90.3,5.4,32.5,0.0,32.5,5.4,,,#ea6969
False,miss,assisted,left-foot,right,0.020291896536946,2184274,76,,4525,15,875,shot,Jere Uronen,,,jere-uronen,J. Uronen,D,213,138463,25.3,28.5,0,0,29.7,38.9,28.5,25.3,70.3,0,70.3,61.1,15.5,46.7,0.0,46.7,15.5,,,#ea6969
False,block,assisted,right-foot,low-right,0.044028200209141,2184275,74,,4436,17,964,shot,Ashley Westwood,,,ashley-westwood,A. Westwood,M,175,49647,21.5,40.6,0,0,47.8,19.0,40.6,21.5,52.2,0,52.2,81.0,12.8,45.3,0.0,45.3,12.8,,,#ea6969
False,miss,assisted,head,high,0.053328666836023,2184261,71,,4226,20,1174,shot,Brandt Bronico,,,brandt-bronico,B. Bronico,M,31,873709,10.4,49.1,0,0,52.6,77.8,49.1,10.4,47.4,0,47.4,22.2,,,,,,,,#ea6969
False,miss,free-kick,left-foot,close-high-left,0.054524760693312,2184008,20,,1152,26,1548,shot,Karol Świderski,,,karol-swiderski,K. Świderski,F,3292,576438,22.6,34.4,0,0,58.7,43.1,34.4,22.6,41.3,0,41.3,56.9,,,,,,,,#ea6969
False,block,assisted,left-foot,low-centre,0.013832761906087,2183992,15,,892,31,1808,shot,Benjamin Bender,,,benjamin-bender,B. Bender,M,98,982691,28.3,46.8,0,0,51.4,19.0,46.8,28.3,48.6,0,48.6,81.0,26.3,46.9,0.0,46.9,26.3,,,#ea6969
True,miss,assisted,right-foot,right,0.03376230224967,2176486,90,3.0,5548,1,752,shot,Enzo Copetti,,,enzo-copetti,E. Copetti,F,462,860045,10.5,29.1,0,0,39.0,12.5,29.1,10.5,61.0,0,61.0,87.5,,,,,,,,#ea6969
True,goal,penalty,right-foot,low-right,0.7884,2176445,81,,4811,10,589,shot,Enzo Copetti,,,enzo-copetti,E. Copetti,F,462,860045,11.5,50.0,0,0,45.8,4.4,50.0,11.5,54.2,0,54.2,95.6,,,,,,0.9946,penalty,#00FF00
True,miss,assisted,head,left,0.054454904049635,2176281,45,3.0,2874,1,2526,shot,Derrick Jones,,,derrick-jones,D. Jones,M,36,844982,10.4,50.9,0,0,89.4,6.9,50.9,10.4,10.6,0,10.6,93.1,4.4,33.2,0.0,33.2,4.4,,,#ea6969
True,miss,assisted,right-foot,close-left,0.1728284060955,2176260,39,,2284,7,416,shot,Ashley Westwood,,,ashley-westwood,A. Westwood,M,175,49647,13.7,47.4,0,0,59.0,4.2,47.4,13.7,41.0,0,41.0,95.8,,,,,,,,#ea6969
True,save,assisted,head,low-centre,0.14717715978622,2176258,37,,2164,9,536,shot,Derrick Jones,,,derrick-jones,D. Jones,M,36,844982,9.0,50.3,0,0,49.3,13.9,50.3,9.0,50.7,0,50.7,86.1,0.5,50.4,0.0,50.4,0.5,0.1287,,#ea6969
True,block,assisted,left-foot,low-centre,0.15100927650928,2176253,36,,2112,10,588,shot,Karol Świderski,,,karol-swiderski,K. Świderski,F,3292,576438,14.5,51.5,0,0,48.6,19.0,51.5,14.5,51.4,0,51.4,81.0,7.2,51.4,0.0,51.4,7.2,,,#ea6969
True,miss,assisted,head,close-right,0.023509912192822,2176222,17,,967,29,1733,shot,Brandt Bronico,,,brandt-bronico,B. Bronico,M,31,873709,10.3,60.0,0,0,41.3,20.8,60.0,10.3,58.7,0,58.7,79.2,,,,,,,,#ea6969
True,miss,assisted,right-foot,high,0.1194621026516,2176215,11,,659,35,2041,shot,Brecht Dejaegere,,,brecht-dejaegere,B. Dejaegere,M,197,122859,10.4,41.7,0,0,48.6,69.4,41.7,10.4,51.4,0,51.4,30.6,,,,,,,,#ea6969
True,block,assisted,right-foot,low-right,0.045569993555546,2176218,9,,517,37,2183,shot,Derrick Jones,,,derrick-jones,D. Jones,M,36,844982,16.5,47.4,0,0,45.5,19.0,47.4,16.5,54.5,0,54.5,81.0,15.9,47.7,0.0,47.7,15.9,,,#ea6969
True,miss,corner,head,close-high,0.21933102607727,2169286,85,,5049,6,351,shot,Karol Świderski,,,karol-swiderski,K. Świderski,F,3292,576438,4.3,51.8,0,0,48.2,51.4,51.8,4.3,51.8,0,51.8,48.6,,,,,,,,#ea6969
True,goal,regular,right-foot,low-right,0.35883396863937,2169239,75,,4498,16,902,shot,Scott Arfield,,,scott-arfield,S. Arfield,M,229,17056,6.7,56.5,0,0,47.2,18.4,56.5,6.7,52.8,0,52.8,81.6,,,,,,0.768,regular,#00FF00
True,save,regular,left-foot,low-right,0.032897014170885,2169233,75,,4495,16,905,shot,Karol Świderski,,,karol-swiderski,K. Świderski,F,3292,576438,18.9,42.7,0,0,47.4,0.6,42.7,18.9,52.6,0,52.6,99.4,2.5,48.6,0.0,48.6,2.5,0.208,,#ea6969
True,post,assisted,head,high,0.40542474389076,2169164,61,,3643,30,1757,shot,Jaylin Lindsey,,,jaylin-lindsey,J. Lindsey,D,77,906015,3.7,55.5,0,0,49.2,39.2,55.5,3.7,50.8,0,50.8,60.8,,,,,,,,#ea6969
True,block,assisted,left-foot,low-left,0.032483663409948,2169127,58,,3435,33,1965,shot,Karol Świderski,,,karol-swiderski,K. Świderski,F,3292,576438,8.8,31.8,0,0,52.8,19.0,31.8,8.8,47.2,0,47.2,81.0,7.5,34.1,0.0,34.1,7.5,,,#ea6969
True,miss,assisted,left-foot,high-left,0.062490217387676,2169118,56,,3353,35,2047,shot,Benjamin Bender,,,benjamin-bender,B. Bender,M,98,982691,14.8,63.9,0,0,58.5,68.1,63.9,14.8,41.5,0,41.5,31.9,,,,,,,,#ea6969
True,save,corner,head,low-left,0.074510976672173,2169110,55,,3295,36,2105,shot,Derrick Jones,,,derrick-jones,D. Jones,M,36,844982,7.1,41.7,0,0,51.9,13.3,41.7,7.1,48.1,0,48.1,86.7,1.2,48.2,0.0,48.2,1.2,0.051,,#ea6969
True,miss,regular,left-foot,high-left,0.11374013870955,2169073,51,,3009,40,2391,shot,Derrick Jones,,,derrick-jones,D. Jones,M,36,844982,7.9,47.3,0,0,58.7,65.3,47.3,7.9,41.3,0,41.3,34.7,,,,,,,,#ea6969
True,block,set-piece,right-foot,low-right,0.061877302825451,2169089,50,,2978,41,2422,shot,Nathan Byrne,,,nathan-byrne,N. Byrne,D,25,147887,16.0,44.5,0,0,46.9,9.7,44.5,16.0,53.1,0,53.1,90.3,13.1,45.8,0.0,45.8,13.1,,,#ea6969
True,miss,assisted,head,left,0.022660084068775,2168920,41,,2435,5,265,shot,Brecht Dejaegere,,,brecht-dejaegere,B. Dejaegere,M,197,122859,12.6,43.6,0,0,73.9,5.6,43.6,12.6,26.1,0,26.1,94.4,1.4,29.4,0.0,29.4,1.4,,,#ea6969
True,goal,regular,right-foot,high-right,0.12849335372448,2168861,29,,1731,17,969,shot,Ashley Westwood,,,ashley-westwood,A. Westwood,M,175,49647,7.5,39.6,0,0,46.9,20.3,39.6,7.5,53.1,0,53.1,79.7,,,,,,0.3912,regular,#00FF00
True,miss,assisted,right-foot,high,0.037537455558777,2168812,17,,1015,29,1685,shot,Ashley Westwood,,,ashley-westwood,A. Westwood,M,175,49647,17.9,64.1,0,0,45.0,65.3,64.1,17.9,55.0,0,55.0,34.7,,,,,,,,#ea6969
True,miss,corner,left-foot,right,0.062256164848804,2168796,15,,848,31,1852,shot,Andrew Privett,Andrew Privett,,privett-andrew,A. Privett,D,10,1470300,13.3,42.8,0,0,35.1,4.2,42.8,13.3,64.9,0,64.9,95.8,,,,,,,,#ea6969
True,save,assisted,right-foot,low-centre,0.091633550822735,2168732,4,,202,42,2498,shot,Brecht Dejaegere,,,brecht-dejaegere,B. Dejaegere,M,197,122859,12.2,56.3,0,0,49.0,19.0,56.3,12.2,51.0,0,51.0,81.0,2.7,51.6,0.0,51.6,2.7,0.0456,,#ea6969
True,block,assisted,right-foot,low-right,0.089708566665649,2168730,3,,144,43,2556,shot,Brecht Dejaegere,,,brecht-dejaegere,B. Dejaegere,M,197,122859,12.8,45.2,0,0,46.2,16.7,45.2,12.8,53.8,0,53.8,83.3,11.4,45.8,0.0,45.8,11.4,,,#ea6969
False,block,assisted,right-foot,low-left,0.034188084304333,2104238,74,,4394,17,1006,shot,Patrick Agyemang,Patrick Agyemang,,agyemang-patrick,P. Agyemang,F,76,1470298,7.3,71.5,0,0,52.8,8.3,71.5,7.3,47.2,0,47.2,91.7,5.8,67.2,0.0,67.2,5.8,,,#ea6969
False,block,assisted,right-foot,low-left,0.029019864276052,2104159,57,,3379,34,2021,shot,Patrick Agyemang,Patrick Agyemang,,agyemang-patrick,P. Agyemang,F,76,1470298,8.3,73.2,0,0,53.8,2.8,73.2,8.3,46.2,0,46.2,97.2,7.1,69.1,0.0,69.1,7.1,,,#ea6969
False,block,assisted,right-foot,low-centre,0.039851527661085,2104125,50,,2980,41,2420,shot,Scott Arfield,,,scott-arfield,S. Arfield,M,229,17056,22.5,60.6,0,0,51.2,19.0,60.6,22.5,48.8,0,48.8,81.0,19.2,58.8,0.0,58.8,19.2,,,#ea6969
False,miss,corner,right-foot,right,0.082869030535221,2103996,25,,1451,21,1249,shot,Jan Sobociński,,,jan-sobocinski,J. Sobociński,D,365,920687,13.0,54.0,0,0,32.4,4.2,54.0,13.0,67.6,0,67.6,95.8,,,,,,,,#ea6969
False,block,assisted,right-foot,high-left,0.03635523468256,2103976,13,,731,33,1969,shot,Kerwin Calderón Vargas,Kerwin Calderón Vargas,,kerwin-calderon-vargas,K. C. Vargas,F,162,1131136,13.1,34.3,0,0,53.3,22.2,34.3,13.1,46.7,0,46.7,77.8,8.3,39.5,0.0,39.5,8.3,,,#ea6969
False,miss,corner,head,left,0.029652426019311,2103934,1,,55,45,2645,shot,Karol Świderski,,,karol-swiderski,K. Świderski,F,3292,576438,8.1,60.2,0,0,72.3,4.2,60.2,8.1,27.7,0,27.7,95.8,2.2,43.7,0.0,43.7,2.2,,,#ea6969
True,miss,corner,right-foot,high,0.022130727767944,2098176,87,,5219,4,181,shot,Scott Arfield,,,scott-arfield,S. Arfield,M,229,17056,23.9,55.7,0,0,47.4,93.1,55.7,23.9,52.6,0,52.6,6.9,,,,,,,,#ea6969
True,miss,assisted,head,right,0.057447135448456,2098145,84,,4999,7,401,shot,Karol Świderski,,,karol-swiderski,K. Świderski,F,3292,576438,11.4,47.9,0,0,1.2,5.6,47.9,11.4,98.8,0,98.8,94.4,8.9,71.8,0.0,71.8,8.9,,,#ea6969
True,post,assisted,left-foot,left,0.047558952122927,2098141,81,,4808,10,592,shot,Karol Świderski,,,karol-swiderski,K. Świderski,F,3292,576438,21.2,56.3,0,0,55.4,5.7,56.3,21.2,44.6,0,44.6,94.3,,,,,,,,#ea6969
True,save,fast-break,left-foot,low-left,0.60730957984924,2098053,66,,3922,25,1478,shot,Karol Świderski,,,karol-swiderski,K. Świderski,F,3292,576438,13.8,56.5,0,0,52.9,5.7,56.5,13.8,47.1,0,47.1,94.3,9.8,54.3,0.0,54.3,9.8,0.8875,,#ea6969
True,miss,assisted,right-foot,close-high-right,0.073995336890221,2097758,26,,1500,20,1200,shot,Brandt Bronico,,,brandt-bronico,B. Bronico,M,31,873709,18.1,37.5,0,0,42.5,54.2,37.5,18.1,57.5,0,57.5,45.8,,,,,,,,#ea6969
True,goal,assisted,left-foot,high-left,0.079843789339066,2097748,24,,1385,22,1315,shot,Karol Świderski,,,karol-swiderski,K. Świderski,F,3292,576438,10.3,45.3,0,0,54.4,25.9,45.3,10.3,45.6,0,45.6,74.1,,,,,,0.5354,regular,#00FF00
True,goal,assisted,left-foot,high-centre,0.30414247512817,2097724,14,,825,32,1875,shot,Karol Świderski,,,karol-swiderski,K. Świderski,F,3292,576438,4.6,56.5,0,0,48.8,22.8,56.5,4.6,51.2,0,51.2,77.2,,,,,,0.6063,regular,#00FF00
False,save,assisted,right-foot,high-centre,0.03511605784297,2095520,81,,4807,10,593,shot,Kerwin Calderón Vargas,Kerwin Calderón Vargas,,kerwin-calderon-vargas,K. C. Vargas,F,162,1131136,20.1,36.9,0,0,50.7,21.5,36.9,20.1,49.3,0,49.3,78.5,2.8,48.0,0.0,48.0,2.8,0.0352,,#ea6969
False,goal,regular,right-foot,high-right,0.062494494020939,2095454,17,,1012,29,1688,shot,Orrin McKinze Gaines II.,,,orrin-mckinze-gaines-ii,O. M. G. II.,F,28,818397,17.9,35.0,0,0,46.4,29.7,35.0,17.9,53.6,0,53.6,70.3,,,,,,0.5422,regular,#00FF00
False,post,assisted,right-foot,right,0.27814573049545,2095437,7,,388,39,2312,shot,Enzo Copetti,,,enzo-copetti,E. Copetti,F,462,860045,8.1,68.2,0,0,44.6,15.2,68.2,8.1,55.4,0,55.4,84.8,,,,,,,,#ea6969
True,miss,assisted,head,high,0.070661216974258,2086172,85,,5099,6,301,shot,Karol Świderski,,,karol-swiderski,K. Świderski,F,3292,576438,8.8,44.5,0,0,50.6,66.7,44.5,8.8,49.4,0,49.4,33.3,,,,,,,,#ea6969
True,save,assisted,head,low-centre,0.094124056398869,2086158,84,,5034,7,366,shot,Karol Świderski,,,karol-swiderski,K. Świderski,F,3292,576438,8.7,46.0,0,0,49.0,9.5,46.0,8.7,51.0,0,51.0,90.5,1.0,48.0,0.0,48.0,1.0,0.0378,,#ea6969
True,save,assisted,right-foot,high-right,0.014390191994607,2086171,79,,4701,12,699,shot,Kerwin Calderón Vargas,Kerwin Calderón Vargas,,kerwin-calderon-vargas,K. C. Vargas,F,162,1131136,21.2,16.5,0,0,47.3,24.1,16.5,21.2,52.7,0,52.7,75.9,1.4,48.4,0.0,48.4,1.4,0.2659,,#ea6969
True,miss,assisted,left-foot,left,0.091085493564606,2086128,76,,4533,15,867,shot,Karol Świderski,,,karol-swiderski,K. Świderski,F,3292,576438,15.4,45.0,0,0,64.4,11.1,45.0,15.4,35.6,0,35.6,88.9,,,,,,,,#ea6969
True,miss,corner,head,left,0.043566212058067,2086094,67,,3991,24,1409,shot,Guzmán Corujo,,,guzman-corujo,G. Corujo,D,118,874970,10.1,51.5,0,0,86.9,15.3,51.5,10.1,13.1,0,13.1,84.7,,,,,,,,#ea6969
True,save,assisted,left-foot,low-centre,0.10755828022957,2086091,65,,3871,26,1529,shot,Karol Świderski,,,karol-swiderski,K. Świderski,F,3292,576438,16.1,48.0,0,0,48.2,5.1,48.0,16.1,51.8,0,51.8,94.9,6.3,49.8,0.0,49.8,6.3,0.0908,,#ea6969
True,block,set-piece,right-foot,low-centre,0.057235412299633,2086021,49,,2930,42,2470,shot,Derrick Jones,,,derrick-jones,D. Jones,M,36,844982,14.9,39.2,0,0,50.7,19.0,39.2,14.9,49.3,0,49.3,81.0,11.8,41.3,0.0,41.3,11.8,,,#ea6969
True,block,assisted,right-foot,low-centre,0.038880974054337,2085894,32,,1912,14,788,shot,Benjamin Bender,,,benjamin-bender,B. Bender,M,98,982691,20.2,49.3,0,0,51.1,19.0,49.3,20.2,48.9,0,48.9,81.0,18.9,49.8,0.0,49.8,18.9,,,#ea6969
True,save,assisted,right-foot,low-left,0.30882951617241,2085880,27,,1567,19,1133,shot,Justin Meram,,,justin-meram,J. Meram,M,276,149138,7.7,42.1,0,0,53.6,17.1,42.1,7.7,46.4,0,46.4,82.9,1.4,48.0,0.0,48.0,1.4,0.8914,,#ea6969
True,miss,assisted,left-foot,right,0.2025428712368,2085876,24,,1407,22,1293,shot,Karol Świderski,,,karol-swiderski,K. Świderski,F,3292,576438,11.8,54.8,0,0,40.0,19.4,54.8,11.8,60.0,0,60.0,80.6,,,,,,,,#ea6969
True,miss,assisted,left-foot,high,0.024496290832758,2085865,20,,1142,26,1558,shot,Kerwin Calderón Vargas,Kerwin Calderón Vargas,,kerwin-calderon-vargas,K. C. Vargas,F,162,1131136,27.1,45.2,0,0,52.9,61.1,45.2,27.1,47.1,0,47.1,38.9,,,,,,,,#ea6969
True,miss,corner,head,left,0.013017462566495,2085849,17,,972,29,1728,shot,Guzmán Corujo,,,guzman-corujo,G. Corujo,D,118,874970,11.6,37.5,0,0,64.2,31.9,37.5,11.6,35.8,0,35.8,68.1,6.2,44.2,0.0,44.2,6.2,,,#ea6969
True,miss,assisted,right-foot,right,0.34373477101326,2085835,11,,639,35,2061,shot,Enzo Copetti,,,enzo-copetti,E. Copetti,F,462,860045,9.8,58.1,0,0,40.0,6.9,58.1,9.8,60.0,0,60.0,93.1,,,,,,,,#ea6969
False,save,fast-break,left-foot,low-left,0.13656510412693,2083875,90,4.0,5603,1,697,shot,Patrick Agyemang,Patrick Agyemang,,agyemang-patrick,P. Agyemang,F,76,1470298,6.3,34.9,0,0,52.0,19.0,34.9,6.3,48.0,0,48.0,81.0,2.7,42.8,0.0,42.8,2.7,0.1538,,#ea6969
False,miss,assisted,left-foot,close-right,0.093480244278908,2083721,54,,3203,37,2197,shot,Enzo Copetti,,,enzo-copetti,E. Copetti,F,462,860045,27.7,40.6,0,0,42.0,33.3,40.6,27.7,58.0,0,58.0,66.7,,,,,,,,#ea6969
False,goal,assisted,right-foot,high-right,0.077596545219421,2083580,19,,1095,27,1605,shot,Benjamin Bender,,,benjamin-bender,B. Bender,M,98,982691,15.1,39.5,0,0,46.7,25.9,39.5,15.1,53.3,0,53.3,74.1,,,,,,0.4135,regular,#00FF00
False,miss,regular,right-foot,left,0.01579631306231,2083575,15,,877,31,1823,shot,Ashley Westwood,,,ashley-westwood,A. Westwood,M,175,49647,13.7,83.5,0,0,99.5,5.6,83.5,13.7,0.5,0,0.5,94.4,11.5,47.8,0.0,47.8,11.5,,,#ea6969
False,goal,assisted,left-foot,low-right,0.32905521988869,2083563,13,,731,33,1969,shot,Benjamin Bender,,,benjamin-bender,B. Bender,M,98,982691,10.2,63.6,0,0,46.1,5.7,63.6,10.2,53.9,0,53.9,94.3,,,,,,0.7403,regular,#00FF00
False,block,free-kick,right-foot,low-right,0.047512784600258,2083561,12,,674,34,2026,shot,Justin Meram,,,justin-meram,J. Meram,M,276,149138,26.9,55.0,0,0,46.5,19.0,55.0,26.9,53.5,0,53.5,81.0,18.4,54.5,0.0,54.5,18.4,,,#ea6969
True,goal,assisted,head,low-right,0.04984674975276,2077363,89,,5315,2,85,shot,Patrick Agyemang,Patrick Agyemang,,agyemang-patrick,P. Agyemang,F,76,1470298,10.7,47.0,0,0,46.5,13.9,47.0,10.7,53.5,0,53.5,86.1,,,,,,0.2299,regular,#00FF00
True,miss,assisted,left-foot,right,0.073262646794319,2077317,80,,4740,11,660,shot,Karol Świderski,,,karol-swiderski,K. Świderski,F,3292,576438,14.7,40.3,0,0,38.2,4.2,40.3,14.7,61.8,0,61.8,95.8,,,,,,,,#ea6969
True,post,assisted,right-foot,left,0.11227952688932,2077215,60,,3566,31,1834,shot,Benjamin Bender,,,benjamin-bender,B. Bender,M,98,982691,19.7,52.7,0,0,55.2,3.2,52.7,19.7,44.8,0,44.8,96.8,,,,,,,,#ea6969
True,goal,assisted,right-foot,high-right,0.065052799880505,2077155,53,,3155,38,2245,shot,Ashley Westwood,,,ashley-westwood,A. Westwood,M,175,49647,19.3,47.3,0,0,46.4,21.5,47.3,19.3,53.6,0,53.6,78.5,,,,,,0.4043,regular,#00FF00
True,block,assisted,right-foot,low-left,0.022706389427185,2077160,53,,3149,38,2251,shot,Kerwin Calderón Vargas,Kerwin Calderón Vargas,,kerwin-calderon-vargas,K. C. Vargas,F,162,1131136,20.6,71.8,0,0,53.1,19.0,71.8,20.6,46.9,0,46.9,81.0,18.2,69.0,0.0,69.0,18.2,,,#ea6969
True,miss,assisted,head,high-left,0.078088372945786,2077122,48,,2824,43,2576,shot,Karol Świderski,,,karol-swiderski,K. Świderski,F,3292,576438,12.4,48.1,0,0,61.0,56.9,48.1,12.4,39.0,0,39.0,43.1,,,,,,,,#ea6969
True,block,assisted,left-foot,low-right,0.05965580791235,2076985,32,,1873,14,827,shot,Brandt Bronico,,,brandt-bronico,B. Bronico,M,31,873709,20.8,40.6,0,0,46.7,11.1,40.6,20.8,53.3,0,53.3,88.9,10.2,46.7,0.0,46.7,10.2,,,#ea6969
True,miss,corner,right-foot,close-right,0.030161999166012,2076961,24,,1434,22,1266,shot,Justin Meram,,,justin-meram,J. Meram,M,276,149138,10.4,65.5,0,0,41.3,1.4,65.5,10.4,58.7,0,58.7,98.6,,,,,,,,#ea6969
True,goal,assisted,right-foot,low-left,0.3473878800869,2076946,17,,1006,29,1694,shot,Jaylin Lindsey,,,jaylin-lindsey,J. Lindsey,D,77,906015,5.4,46.0,0,0,51.9,14.6,46.0,5.4,48.1,0,48.1,85.4,,,,,,0.7756,regular,#00FF00
True,block,corner,head,low-right,0.054469916969538,2076949,17,,977,29,1723,shot,Jaylin Lindsey,,,jaylin-lindsey,J. Lindsey,D,77,906015,9.4,48.6,0,0,46.9,18.1,48.6,9.4,53.1,0,53.1,81.9,7.6,49.1,0.0,49.1,7.6,,,#ea6969
False,miss,corner,left-foot,close-high,0.12921941280365,2070418,90,4.0,5609,1,691,shot,Benjamin Bender,,,benjamin-bender,B. Bender,M,98,982691,9.7,43.2,0,0,47.9,58.3,43.2,9.7,52.1,0,52.1,41.7,,,,,,,,#ea6969
False,block,assisted,right-foot,low-right,0.062893770635128,2070417,90,3.0,5577,1,723,shot,Brandon Cambridge,Brandon Cambridge,,cambridge-brandon,B. Cambridge,M,19,1457564,6.6,66.1,0,0,48.0,19.0,66.1,6.6,52.0,0,52.0,81.0,5.7,64.1,0.0,64.1,5.7,,,#ea6969
False,miss,assisted,left-foot,high-left,0.055708847939968,2070310,64,,3824,27,1576,shot,Kerwin Calderón Vargas,Kerwin Calderón Vargas,,kerwin-calderon-vargas,K. C. Vargas,F,162,1131136,21.5,63.9,0,0,64.5,66.7,63.9,21.5,35.5,0,35.5,33.3,,,,,,,,#ea6969
False,goal,regular,left-foot,low-centre,0.40940648317337,2070285,58,,3435,33,1965,shot,Justin Meram,,,justin-meram,J. Meram,M,276,149138,9.0,51.1,0,0,49.7,6.3,51.1,9.0,50.3,0,50.3,93.7,,,,,,0.2447,regular,#00FF00
False,goal,assisted,right-foot,low-centre,0.32801061868668,2070278,56,,3338,35,2062,shot,Karol Świderski,,,karol-swiderski,K. Świderski,F,3292,576438,11.1,59.1,0,0,48.6,10.1,59.1,11.1,51.4,0,51.4,89.9,,,,,,0.188,regular,#00FF00
False,block,regular,right-foot,low-centre,0.23182950913906,2070051,33,,1964,13,736,shot,Karol Świderski,,,karol-swiderski,K. Świderski,F,3292,576438,5.0,57.9,0,0,48.9,19.0,57.9,5.0,51.1,0,51.1,81.0,3.6,56.0,0.0,56.0,3.6,,,#ea6969
False,save,assisted,right-foot,low-right,0.040376521646976,2070050,33,,1962,13,738,shot,Harrison Afful,,,harrison-afful,H. Afful,D,208,32741,20.6,38.0,0,0,45.6,4.4,38.0,20.6,54.4,0,54.4,95.6,1.9,49.6,0.0,49.6,1.9,0.52,,#ea6969
False,miss,assisted,right-foot,high-right,0.022817350924015,2069976,16,,943,30,1757,shot,Patrick Agyemang,Patrick Agyemang,,agyemang-patrick,P. Agyemang,F,76,1470298,10.8,73.4,0,0,39.7,52.8,73.4,10.8,60.3,0,60.3,47.2,,,,,,,,#ea6969
False,save,free-kick,left-foot,low-centre,0.029401080682874,2069916,7,,371,39,2329,shot,Karol Świderski,,,karol-swiderski,K. Świderski,F,3292,576438,29.2,72.1,0,0,50.5,5.7,72.1,29.2,49.5,0,49.5,94.3,1.6,52.7,0.0,52.7,1.6,0.028,,#ea6969
False,block,corner,head,low-right,0.031265705823898,2022246,88,,5275,3,125,shot,Guzmán Corujo,,,guzman-corujo,G. Corujo,D,118,874970,12.1,44.5,0,0,46.2,19.0,44.5,12.1,53.8,0,53.8,81.0,6.8,48.6,0.0,48.6,6.8,,,#ea6969
False,save,assisted,left-foot,high-left,0.02192734181881,2022142,57,,3371,34,2029,shot,Kerwin Calderón Vargas,Kerwin Calderón Vargas,,kerwin-calderon-vargas,K. C. Vargas,F,162,1131136,19.8,74.5,0,0,53.0,35.4,74.5,19.8,47.0,0,47.0,64.6,1.6,53.2,0.0,53.2,1.6,0.5082,,#ea6969
False,block,regular,left-foot,low-centre,0.075142063200474,2022050,36,,2125,10,575,shot,Kerwin Calderón Vargas,Kerwin Calderón Vargas,,kerwin-calderon-vargas,K. C. Vargas,F,162,1131136,11.6,65.5,0,0,51.7,19.0,65.5,11.6,48.3,0,48.3,81.0,9.6,62.5,0.0,62.5,9.6,,,#ea6969
False,miss,assisted,right-foot,left,0.09226717799902,2022011,21,,1257,25,1443,shot,Justin Meram,,,justin-meram,J. Meram,M,276,149138,16.1,48.2,0,0,60.7,11.1,48.2,16.1,39.3,0,39.3,88.9,,,,,,,,#ea6969
False,save,assisted,head,high-centre,0.047106210142374,2022006,18,,1065,28,1635,shot,Karol Świderski,,,karol-swiderski,K. Świderski,F,3292,576438,11.1,49.3,0,0,50.6,21.5,49.3,11.1,49.4,0,49.4,78.5,1.4,50.0,0.0,50.0,1.4,0.035,,#ea6969
False,miss,regular,left-foot,left,0.010184158571064,2016260,90,8.0,5837,1,463,shot,Brandt Bronico,,,brandt-bronico,B. Bronico,M,31,873709,43.0,18.4,0,0,99.2,33.3,18.4,43.0,0.8,0,0.8,66.7,3.7,0.0,0.0,0.0,3.7,,,#ea6969
False,miss,assisted,left-foot,left,0.019795848056674,2016254,90,1.0,5417,1,883,shot,Karol Świderski,,,karol-swiderski,K. Świderski,F,3292,576438,26.0,56.3,0,0,61.0,16.7,56.3,26.0,39.0,0,39.0,83.3,,,,,,,,#ea6969
False,miss,corner,head,left,0.031619440764189,2016259,84,,5011,7,389,shot,Bill Tuiloma,,,bill-tuiloma,B. Tuiloma,D,71,155892,10.3,44.9,0,0,77.0,19.4,44.9,10.3,23.0,0,23.0,80.6,4.5,27.4,0.0,27.4,4.5,,,#ea6969
False,goal,corner,left-foot,low-right,0.40007391571999,2016244,73,,4374,18,1026,shot,Karol Świderski,,,karol-swiderski,K. Świderski,F,3292,576438,3.9,54.3,0,0,46.2,9.5,54.3,3.9,53.8,0,53.8,90.5,,,,,,0.9057,regular,#00FF00
False,miss,assisted,left-foot,high,0.24446189403534,2016240,69,,4130,22,1270,shot,Karol Świderski,,,karol-swiderski,K. Świderski,F,3292,576438,8.4,59.6,0,0,50.3,69.4,59.6,8.4,49.7,0,49.7,30.6,,,,,,,,#ea6969
False,miss,corner,right-foot,right,0.027127124369144,2016230,60,,3560,31,1840,shot,Ashley Westwood,,,ashley-westwood,A. Westwood,M,175,49647,18.2,60.4,0,0,32.6,5.6,60.4,18.2,67.4,0,67.4,94.4,,,,,,,,#ea6969
False,miss,assisted,right-foot,high,0.048852793872356,2016225,56,,3315,35,2085,shot,Kerwin Calderón Vargas,Kerwin Calderón Vargas,,kerwin-calderon-vargas,K. C. Vargas,F,162,1131136,24.7,56.4,0,0,45.2,81.9,56.4,24.7,54.8,0,54.8,18.1,,,,,,,,#ea6969
False,save,assisted,other,low-centre,0.40697738528252,2016228,55,,3283,36,2117,shot,Karol Świderski,,,karol-swiderski,K. Świderski,F,3292,576438,5.3,53.6,0,0,50.3,13.9,53.6,5.3,49.7,0,49.7,86.1,0.2,50.7,0.0,50.7,0.2,0.4213,,#ea6969
False,miss,assisted,left-foot,high-left,0.044155739247799,2016222,54,,3187,37,2213,shot,Kerwin Calderón Vargas,Kerwin Calderón Vargas,,kerwin-calderon-vargas,K. C. Vargas,F,162,1131136,19.7,65.4,0,0,61.3,83.3,65.4,19.7,38.7,0,38.7,16.7,,,,,,,,#ea6969
False,miss,free-kick,left-foot,high,0.051586389541626,2016214,49,,2896,42,2504,shot,Karol Świderski,,,karol-swiderski,K. Świderski,F,3292,576438,22.7,69.6,0,0,44.7,65.3,69.6,22.7,55.3,0,55.3,34.7,,,,,,,,#ea6969
False,block,set-piece,right-foot,low-right,0.076725274324417,2016190,37,,2206,9,494,shot,Ashley Westwood,,,ashley-westwood,A. Westwood,M,175,49647,12.6,45.2,0,0,47.6,19.0,45.2,12.6,52.4,0,52.4,81.0,6.4,48.7,0.0,48.7,6.4,,,#ea6969
False,save,set-piece,head,low-centre,0.12394588440657,2016187,36,,2127,10,573,shot,Adilson Malanda,Adilson Malanda,,adilson-malanda,A. Malanda,D,57,1095645,6.7,55.3,0,0,50.3,11.4,55.3,6.7,49.7,0,49.7,88.6,0.59999999999999,52.0,0.0,52.0,0.59999999999999,0.0232,,#ea6969
False,save,assisted,left-foot,high-centre,0.032376583665609,2016180,30,,1759,16,941,shot,Kerwin Calderón Vargas,Kerwin Calderón Vargas,,kerwin-calderon-vargas,K. C. Vargas,F,162,1131136,12.4,75.5,0,0,48.6,29.1,75.5,12.4,51.4,0,51.4,70.9,0.0,51.8,0.0,51.8,0.0,0.0789,,#ea6969
False,miss,assisted,left-foot,close-right,0.2615615427494,2016141,5,,285,41,2415,shot,Karol Świderski,,,karol-swiderski,K. Świderski,F,3292,576438,13.0,62.6,0,0,40.8,2.8,62.6,13.0,59.2,0,59.2,97.2,,,,,,,,#ea6969
True,miss,assisted,head,high,0.081809110939503,2003630,90,5.0,5674,1,626,shot,Derrick Jones,,,derrick-jones,D. Jones,M,36,844982,9.1,51.1,0,0,51.4,70.8,51.1,9.1,48.6,0,48.6,29.2,,,,,,,,#ea6969
True,block,corner,head,low-right,0.21385963261127,2003597,86,,5114,5,286,shot,Derrick Jones,,,derrick-jones,D. Jones,M,36,844982,4.4,47.8,0,0,47.2,19.0,47.8,4.4,52.8,0,52.8,81.0,3.6,48.7,0.0,48.7,3.6,,,#ea6969
True,miss,free-kick,right-foot,high-right,0.035106062889099,2003522,70,,4186,21,1214,shot,Bill Tuiloma,,,bill-tuiloma,B. Tuiloma,D,71,155892,27.2,63.6,0,0,43.0,80.6,63.6,27.2,57.0,0,57.0,19.4,,,,,,,,#ea6969
True,save,assisted,head,low-centre,0.03683802485466,2003499,67,,3979,24,1421,shot,Brandt Bronico,,,brandt-bronico,B. Bronico,M,31,873709,11.1,42.5,0,0,50.5,18.4,42.5,11.1,49.5,0,49.5,81.6,1.6,49.3,0.0,49.3,1.6,0.0267,,#ea6969
True,save,assisted,right-foot,low-centre,0.017635505646467,2003486,63,,3764,28,1636,shot,Nathan Byrne,,,nathan-byrne,N. Byrne,D,25,147887,27.6,61.4,0,0,51.0,13.9,61.4,27.6,49.0,0,49.0,86.1,2.5,51.8,0.0,51.8,2.5,0.0269,,#ea6969
True,save,assisted,right-foot,low-left,0.021860552951694,2003407,51,,3033,40,2367,shot,Justin Meram,,,justin-meram,J. Meram,M,276,149138,27.4,30.6,0,0,52.1,7.6,30.6,27.4,47.9,0,47.9,92.4,1.9,48.6,0.0,48.6,1.9,0.0604,,#ea6969
True,miss,throw-in-set-piece,head,high,0.01875320263207,2003385,46,,2754,45,2646,shot,Enzo Copetti,,,enzo-copetti,E. Copetti,F,462,860045,10.1,65.1,0,0,46.7,70.8,65.1,10.1,53.3,0,53.3,29.2,,,,,,,,#ea6969
True,block,free-kick,left-foot,low-centre,0.037990767508745,2003280,42,,2461,4,239,shot,Karol Świderski,,,karol-swiderski,K. Świderski,F,3292,576438,23.3,72.7,0,0,49.5,19.0,72.7,23.3,50.5,0,50.5,81.0,9.2,59.2,0.0,59.2,9.2,,,#ea6969
True,save,assisted,head,low-right,0.1192385032773,2003243,33,,1959,13,741,shot,Karol Świderski,,,karol-swiderski,K. Świderski,F,3292,576438,12.0,43.3,0,0,47.6,8.2,43.3,12.0,52.4,0,52.4,91.8,2.0,48.7,0.0,48.7,2.0,0.1187,,#ea6969
True,miss,regular,right-foot,high-right,0.023583559319377,2003230,29,,1700,17,1000,shot,Brandt Bronico,,,brandt-bronico,B. Bronico,M,31,873709,26.6,48.4,0,0,42.0,72.2,48.4,26.6,58.0,0,58.0,27.8,,,,,,,,#ea6969
True,save,set-piece,right-foot,low-centre,0.11253029853106,2003208,23,,1330,23,1370,shot,Nathan Byrne,,,nathan-byrne,N. Byrne,D,25,147887,14.8,44.1,0,0,48.7,16.5,44.1,14.8,51.3,0,51.3,83.5,1.9,49.1,0.0,49.1,1.9,0.0518,,#ea6969
True,goal,regular,right-foot,low-left,0.2371720969677,2003146,6,,357,40,2343,shot,Brandt Bronico,,,brandt-bronico,B. Bronico,M,31,873709,6.7,42.8,0,0,53.4,0.6,42.8,6.7,46.6,0,46.6,99.4,,,,,,0.8231,regular,#00FF00
True,goal,regular,left-foot,low-left,0.11317357420921,1997793,81,,4859,10,541,shot,Brandon Cambridge,Brandon Cambridge,,cambridge-brandon,B. Cambridge,M,19,1457564,7.0,60.1,0,0,53.1,0.6,60.1,7.0,46.9,0,46.9,99.4,,,,,,0.4567,regular,#00FF00
True,save,set-piece,head,low-centre,0.064900979399681,1997759,73,,4339,18,1061,shot,Jan Sobociński,,,jan-sobocinski,J. Sobociński,D,365,920687,9.7,52.7,0,0,51.0,9.5,52.7,9.7,49.0,0,49.0,90.5,0.099999999999994,50.9,0.0,50.9,0.099999999999994,0.0357,,#ea6969
True,goal,assisted,left-foot,low-left,0.22896866500378,1997738,68,,4022,23,1378,shot,Brandon Cambridge,Brandon Cambridge,,cambridge-brandon,B. Cambridge,M,19,1457564,10.9,63.2,0,0,53.6,15.2,63.2,10.9,46.4,0,46.4,84.8,,,,,,0.7518,regular,#00FF00
True,block,corner,left-foot,low-left,0.025586301460862,1997546,43,,2541,3,159,shot,Karol Świderski,,,karol-swiderski,K. Świderski,F,3292,576438,17.7,45.7,0,0,52.7,19.0,45.7,17.7,47.3,0,47.3,81.0,14.0,46.0,0.0,46.0,14.0,,,#ea6969
True,miss,assisted,right-foot,high,0.12174586951733,1997423,15,,886,31,1814,shot,Justin Meram,,,justin-meram,J. Meram,M,276,149138,11.0,38.5,0,0,46.4,87.5,38.5,11.0,53.6,0,53.6,12.5,,,,,,,,#ea6969
False,save,assisted,right-foot,low-right,0.057858258485794,1992226,90,7.0,5785,1,515,shot,Justin Meram,,,justin-meram,J. Meram,M,276,149138,21.8,48.2,0,0,47.2,7.6,48.2,21.8,52.8,0,52.8,92.4,4.5,49.8,0.0,49.8,4.5,0.1371,,#ea6969
False,miss,assisted,left-foot,close-right,0.39207082986832,1992203,88,,5261,3,139,shot,Brandon Cambridge,Brandon Cambridge,,cambridge-brandon,B. Cambridge,M,19,1457564,10.5,39.1,0,0,41.5,5.6,39.1,10.5,58.5,0,58.5,94.4,,,,,,,,#ea6969
False,miss,corner,right-foot,high-left,0.038246270269156,1992137,69,,4088,22,1312,shot,Jaylin Lindsey,,,jaylin-lindsey,J. Lindsey,D,77,906015,12.4,55.0,0,0,63.7,90.3,55.0,12.4,36.3,0,36.3,9.7,,,,,,,,#ea6969
False,goal,assisted,right-foot,low-left,0.56440478563309,1992075,57,,3368,34,2032,shot,Justin Meram,,,justin-meram,J. Meram,M,276,149138,10.0,52.4,0,0,53.4,4.4,52.4,10.0,46.6,0,46.6,95.6,,,,,,0.8997,regular,#00FF00
False,goal,penalty,left-foot,low-right,0.7884,1992066,52,,3104,39,2296,shot,Karol Świderski,,,karol-swiderski,K. Świderski,F,3292,576438,11.5,50.0,0,0,47.4,3.2,50.0,11.5,52.6,0,52.6,96.8,,,,,,0.9817,penalty,#00FF00
False,goal,assisted,right-foot,high-left,0.42943713068962,1991865,18,,1033,28,1667,shot,Justin Meram,,,justin-meram,J. Meram,M,276,149138,5.7,45.4,0,0,54.1,30.4,45.4,5.7,45.9,0,45.9,69.6,,,,,,0.9451,regular,#00FF00
True,block,assisted,right-foot,low-centre,0.034139171242714,1979938,78,,4637,13,763,shot,Kerwin Calderón Vargas,Kerwin Calderón Vargas,,kerwin-calderon-vargas,K. C. Vargas,F,162,1131136,15.5,28.1,0,0,49.3,19.0,28.1,15.5,50.7,0,50.7,81.0,14.2,30.0,0.0,30.0,14.2,,,#ea6969
True,goal,set-piece,head,low-left,,1979908,74,,4409,17,991,shot,Richard Ledezma,,,richard-ledezma,R. Ledezma,M,416,985176,6.3,56.3,0,0,54.4,13.9,56.3,6.3,45.6,0,45.6,86.1,,,,,,,own,#00FF00
True,block,assisted,right-foot,low-centre,0.032383643090725,1979871,63,,3770,28,1630,shot,Derrick Jones,,,derrick-jones,D. Jones,M,36,844982,23.3,42.6,0,0,50.3,19.0,42.6,23.3,49.7,0,49.7,81.0,19.2,43.9,0.0,43.9,19.2,,,#ea6969
True,miss,corner,right-foot,left,0.015842081978917,1979782,49,,2932,42,2468,shot,Jaylin Lindsey,,,jaylin-lindsey,J. Lindsey,D,77,906015,25.0,44.3,0,0,60.3,5.6,44.3,25.0,39.7,0,39.7,94.4,,,,,,,,#ea6969
True,miss,corner,head,left,0.056805536150932,1979824,49,,2926,42,2474,shot,Adilson Malanda,Adilson Malanda,,adilson-malanda,A. Malanda,D,57,1095645,9.3,50.2,0,0,99.8,8.3,50.2,9.3,0.2,0,0.2,91.7,7.6,26.7,0.0,26.7,7.6,,,#ea6969
True,block,assisted,left-foot,low-left,0.040818851441145,1979769,48,,2849,43,2551,shot,Ashley Westwood,,,ashley-westwood,A. Westwood,M,175,49647,14.4,36.3,0,0,52.5,19.0,36.3,14.4,47.5,0,47.5,81.0,12.8,37.5,0.0,37.5,12.8,,,#ea6969
True,block,free-kick,left-foot,low-centre,0.074823379516602,1979667,43,,2531,3,169,shot,Karol Świderski,,,karol-swiderski,K. Świderski,F,3292,576438,22.3,39.2,0,0,50.9,19.0,39.2,22.3,49.1,0,49.1,81.0,16.7,41.7,0.0,41.7,16.7,,,#ea6969
True,goal,corner,head,high-right,0.14270456135273,1979639,39,,2303,7,397,shot,Enzo Copetti,,,enzo-copetti,E. Copetti,F,462,860045,5.8,47.0,0,0,47.7,27.8,47.0,5.8,52.3,0,52.3,72.2,,,,,,0.789,regular,#00FF00
True,save,assisted,left-foot,low-right,0.062633275985718,1979624,37,,2162,9,538,shot,Karol Świderski,,,karol-swiderski,K. Świderski,F,3292,576438,15.8,35.8,0,0,48.1,5.7,35.8,15.8,51.9,0,51.9,94.3,2.3,47.3,0.0,47.3,2.3,0.1095,,#ea6969
True,post,regular,right-foot,right,0.055221512913704,1979600,27,,1587,19,1113,shot,Justin Meram,,,justin-meram,J. Meram,M,276,149138,24.0,53.6,0,0,44.5,19.6,53.6,24.0,55.5,0,55.5,80.4,,,,,,,,#ea6969
True,goal,assisted,right-foot,high-centre,0.88000518083572,1979517,8,,469,38,2231,shot,Enzo Copetti,,,enzo-copetti,E. Copetti,F,462,860045,5.3,48.5,0,0,51.0,20.3,48.5,5.3,49.0,0,49.0,79.7,,,,,,0.7223,regular,#00FF00
True,miss,corner,left-foot,high,0.054059416055679,1979502,6,,357,40,2343,shot,Jan Sobociński,,,jan-sobocinski,J. Sobociński,D,365,920687,1.3,37.5,0,0,51.8,79.2,37.5,1.3,48.2,0,48.2,20.8,,,,,,,,#ea6969
False,miss,regular,right-foot,high-right,0.039356976747513,1968427,58,,3434,33,1966,shot,Ashley Westwood,,,ashley-westwood,A. Westwood,M,175,49647,23.8,52.5,0,0,41.2,94.4,52.5,23.8,58.8,0,58.8,5.6,,,,,,,,#ea6969
False,block,assisted,right-foot,low-centre,0.020185766741633,1968426,58,,3433,33,1967,shot,Karol Świderski,,,karol-swiderski,K. Świderski,F,3292,576438,21.5,28.1,0,0,49.1,19.0,28.1,21.5,50.9,0,50.9,81.0,15.7,34.3,0.0,34.3,15.7,,,#ea6969
False,save,corner,head,low-centre,0.13987764716148,1968418,56,,3323,35,2077,shot,Nathan Byrne,,,nathan-byrne,N. Byrne,D,25,147887,4.6,55.3,0,0,49.4,14.6,55.3,4.6,50.6,0,50.6,85.4,2.9,54.0,0.0,54.0,2.9,0.2266,,#ea6969
False,miss,corner,right-foot,high,0.047340210527182,1968307,45,4.0,2894,1,2506,shot,Kerwin Calderón Vargas,Kerwin Calderón Vargas,,kerwin-calderon-vargas,K. C. Vargas,F,162,1131136,22.1,57.3,0,0,47.2,83.3,57.3,22.1,52.8,0,52.8,16.7,,,,,,,,#ea6969
False,miss,assisted,right-foot,close-high,0.049519706517458,1968203,22,,1270,24,1430,shot,Kerwin Calderón Vargas,Kerwin Calderón Vargas,,kerwin-calderon-vargas,K. C. Vargas,F,162,1131136,14.0,33.2,0,0,45.9,55.6,33.2,14.0,54.1,0,54.1,44.4,,,,,,,,#ea6969
False,block,assisted,left-foot,low-left,0.15105782449245,1968202,19,,1083,27,1617,shot,Karol Świderski,,,karol-swiderski,K. Świderski,F,3292,576438,11.7,41.5,0,0,54.2,19.0,41.5,11.7,45.8,0,45.8,81.0,8.3,42.8,0.0,42.8,8.3,,,#ea6969
False,block,assisted,left-foot,high-left,0.052142232656479,1968161,6,,310,40,2390,shot,Karol Świderski,,,karol-swiderski,K. Świderski,F,3292,576438,19.1,66.2,0,0,53.8,20.8,66.2,19.1,46.2,0,46.2,79.2,17.6,65.0,0.0,65.0,17.6,,,#ea6969
True,save,assisted,right-foot,low-centre,0.019273772835732,1954717,88,,5238,3,162,shot,Benjamin Bender,,,benjamin-bender,B. Bender,M,98,982691,32.4,72.0,0,0,50.0,15.8,72.0,32.4,50.0,0,50.0,84.2,9.0,56.1,0.0,56.1,9.0,0.0131,,#ea6969
True,block,assisted,right-foot,low-centre,0.040036242455244,1954705,84,,5036,7,364,shot,Benjamin Bender,,,benjamin-bender,B. Bender,M,98,982691,13.1,70.2,0,0,48.7,19.0,70.2,13.1,51.3,0,51.3,81.0,11.2,67.5,0.0,67.5,11.2,,,#ea6969
True,save,regular,left-foot,low-centre,0.11773318052292,1954695,83,,4970,8,430,shot,Benjamin Bender,,,benjamin-bender,B. Bender,M,98,982691,12.0,59.8,0,0,50.8,4.4,59.8,12.0,49.2,0,49.2,95.6,2.3,50.7,0.0,50.7,2.3,0.0468,,#ea6969
True,block,assisted,left-foot,low-centre,0.10797806084156,1954694,83,,4966,8,434,shot,Benjamin Bender,,,benjamin-bender,B. Bender,M,98,982691,14.7,56.5,0,0,49.4,19.0,56.5,14.7,50.6,0,50.6,81.0,9.3,54.3,0.0,54.3,9.3,,,#ea6969
True,miss,free-kick,left-foot,high-right,0.031961038708687,1954662,76,,4545,15,855,shot,Karol Świderski,,,karol-swiderski,K. Świderski,F,3292,576438,20.0,84.8,0,0,37.0,66.7,84.8,20.0,63.0,0,63.0,33.3,,,,,,,,#ea6969
True,miss,corner,other,right,0.043683532625437,1954411,39,,2316,7,384,shot,Kamil Jóźwiak,,,kamil-jozwiak,K. Jóźwiak,M,2804,814820,4.2,60.3,0,0,40.2,27.8,60.3,4.2,59.8,0,59.8,72.2,,,,,,,,#ea6969
True,goal,assisted,right-foot,high-right,0.15832632780075,1954396,37,,2163,9,537,shot,Karol Świderski,,,karol-swiderski,K. Świderski,F,3292,576438,14.0,54.2,0,0,46.8,29.7,54.2,14.0,53.2,0,53.2,70.3,,,,,,0.3728,regular,#00FF00
True,block,assisted,left-foot,low-centre,0.071092702448368,1954404,36,,2135,10,565,shot,Karol Świderski,,,karol-swiderski,K. Świderski,F,3292,576438,15.3,49.3,0,0,50.9,19.0,49.3,15.3,49.1,0,49.1,81.0,13.4,49.3,0.0,49.3,13.4,,,#ea6969
True,block,assisted,right-foot,low-centre,0.069407403469086,1954403,36,,2126,10,574,shot,Kamil Jóźwiak,,,kamil-jozwiak,K. Jóźwiak,M,2804,814820,11.8,66.0,0,0,49.6,19.0,66.0,11.8,50.4,0,50.4,81.0,9.9,63.5,0.0,63.5,9.9,,,#ea6969
True,block,regular,left-foot,low-left,0.065086215734482,1954313,13,,776,33,1924,shot,Karol Świderski,,,karol-swiderski,K. Świderski,F,3292,576438,20.4,35.1,0,0,52.2,19.0,35.1,20.4,47.8,0,47.8,81.0,15.9,37.9,0.0,37.9,15.9,,,#ea6969
True,save,set-piece,head,low-centre,0.20583538711071,1954262,2,,62,44,2638,shot,Bill Tuiloma,,,bill-tuiloma,B. Tuiloma,D,71,155892,9.0,49.5,0,0,50.4,15.2,49.5,9.0,49.6,0,49.6,84.8,2.0,50.2,0.0,50.2,2.0,0.1169,,#ea6969
True,miss,assisted,right-foot,right,0.021220903843641,1940562,90,7.0,5805,1,495,shot,Orrin McKinze Gaines II.,,,orrin-mckinze-gaines-ii,O. M. G. II.,F,28,818397,27.9,31.2,0,0,36.8,16.7,31.2,27.9,63.2,0,63.2,83.3,,,,,,,,#ea6969
True,miss,corner,head,left,0.04958288744092,1940541,84,,5024,7,376,shot,Enzo Copetti,,,enzo-copetti,E. Copetti,F,462,860045,7.1,58.8,0,0,98.2,9.7,58.8,7.1,1.8,0,1.8,90.3,8.4,19.7,0.0,19.7,8.4,,,#ea6969
True,save,assisted,left-foot,high-left,0.042836640030146,1940476,77,,4580,14,820,shot,Brandt Bronico,,,brandt-bronico,B. Bronico,M,31,873709,21.9,45.8,0,0,52.2,20.3,45.8,21.9,47.8,0,47.8,79.7,1.0,50.2,0.0,50.2,1.0,0.1076,,#ea6969
True,goal,assisted,head,low-right,0.15334817767143,1940418,65,,3853,26,1547,shot,Kamil Jóźwiak,,,kamil-jozwiak,K. Jóźwiak,M,2804,814820,3.9,57.1,0,0,46.9,6.3,57.1,3.9,53.1,0,53.1,93.7,,,,,,0.6162,regular,#00FF00
True,goal,regular,right-foot,low-right,0.10127208381891,1940412,62,,3702,29,1698,shot,Kerwin Calderón Vargas,Kerwin Calderón Vargas,,kerwin-calderon-vargas,K. C. Vargas,F,162,1131136,18.4,44.5,0,0,46.1,15.8,44.5,18.4,53.9,0,53.9,84.2,,,,,,0.3102,regular,#00FF00
True,miss,assisted,right-foot,high,0.016525115817785,1940407,61,,3632,30,1768,shot,Harrison Afful,,,harrison-afful,H. Afful,D,208,32741,29.9,54.8,0,0,49.1,61.1,54.8,29.9,50.9,0,50.9,38.9,,,,,,,,#ea6969
True,block,assisted,left-foot,low-centre,0.09795019775629,1940352,50,,2964,41,2436,shot,Karol Świderski,,,karol-swiderski,K. Świderski,F,3292,576438,15.1,50.3,0,0,51.0,19.0,50.3,15.1,49.0,0,49.0,81.0,11.5,50.0,0.0,50.0,11.5,,,#ea6969
True,miss,assisted,right-foot,right,0.064128421247005,1940336,49,,2908,42,2492,shot,Kamil Jóźwiak,,,kamil-jozwiak,K. Jóźwiak,M,2804,814820,2.9,68.5,0,0,36.0,15.3,68.5,2.9,64.0,0,64.0,84.7,,,,,,,,#ea6969
True,block,assisted,left-foot,low-centre,0.019971190020442,1940150,26,,1529,20,1171,shot,Kerwin Calderón Vargas,Kerwin Calderón Vargas,,kerwin-calderon-vargas,K. C. Vargas,F,162,1131136,28.3,76.1,0,0,49.3,19.0,76.1,28.3,50.7,0,50.7,81.0,17.7,66.6,0.0,66.6,17.7,,,#ea6969
True,block,fast-break,left-foot,low-left,0.11277586221695,1940149,25,,1461,21,1239,shot,Karol Świderski,,,karol-swiderski,K. Świderski,F,3292,576438,14.9,58.4,0,0,51.9,19.0,58.4,14.9,48.1,0,48.1,81.0,12.1,56.5,0.0,56.5,12.1,,,#ea6969
True,miss,assisted,right-foot,left,0.023521829396486,1940141,24,,1397,22,1303,shot,Kamil Jóźwiak,,,kamil-jozwiak,K. Jóźwiak,M,2804,814820,20.8,68.8,0,0,63.0,12.5,68.8,20.8,37.0,0,37.0,87.5,,,,,,,,#ea6969
True,miss,assisted,right-foot,high-right,0.035651918500662,1940131,19,,1099,27,1601,shot,Kerwin Calderón Vargas,Kerwin Calderón Vargas,,kerwin-calderon-vargas,K. C. Vargas,F,162,1131136,13.1,10.9,0,0,26.1,47.2,10.9,13.1,73.9,0,73.9,52.8,,,,,,,,#ea6969
True,miss,regular,right-foot,high-right,0.026659404858947,1940120,16,,951,30,1749,shot,Karol Świderski,,,karol-swiderski,K. Świderski,F,3292,576438,23.1,61.6,0,0,41.3,95.8,61.6,23.1,58.7,0,58.7,4.2,,,,,,,,#ea6969
True,miss,corner,right-foot,right,0.036287281662226,1940101,12,,676,34,2024,shot,Enzo Copetti,,,enzo-copetti,E. Copetti,F,462,860045,6.5,63.9,0,0,32.3,19.4,63.9,6.5,67.7,0,67.7,80.6,,,,,,,,#ea6969
True,block,assisted,left-foot,low-centre,0.053462613373995,1940109,11,,630,35,2070,shot,Karol Świderski,,,karol-swiderski,K. Świderski,F,3292,576438,8.2,64.6,0,0,48.3,19.0,64.6,8.2,51.7,0,51.7,81.0,7.0,62.6,0.0,62.6,7.0,,,#ea6969
True,block,assisted,right-foot,low-centre,0.013409637846053,1940095,8,,478,38,2222,shot,Harrison Afful,,,harrison-afful,H. Afful,D,208,32741,19.9,72.9,0,0,50.8,19.0,72.9,19.9,49.2,0,49.2,81.0,11.9,63.4,0.0,63.4,11.9,,,#ea6969
True,miss,set-piece,head,left,0.026634408161044,1940082,4,,188,42,2512,shot,Adilson Malanda,Adilson Malanda,,adilson-malanda,A. Malanda,D,57,1095645,15.1,56.6,0,0,61.5,22.2,56.6,15.1,38.5,0,38.5,77.8,,,,,,,,#ea6969
False,miss,assisted,left-foot,close-left,0.09496197104454,1928200,90,5.0,5650,1,650,shot,Vinicius Mello,Vinicius Mello,,vinicius-mello,V. Mello,F,84,1067636,5.3,39.4,0,0,57.5,25.0,39.4,5.3,42.5,0,42.5,75.0,,,,,,,,#ea6969
False,save,set-piece,head,low-centre,0.059651076793671,1928198,88,,5223,3,177,shot,Adilson Malanda,Adilson Malanda,,adilson-malanda,A. Malanda,D,57,1095645,8.4,42.8,0,0,51.6,18.4,42.8,8.4,48.4,0,48.4,81.6,6.7,43.9,0.0,43.9,6.7,0.0601,,#ea6969
False,block,corner,head,low-centre,0.25053617358208,1928188,64,,3833,27,1567,shot,Kamil Jóźwiak,,,kamil-jozwiak,K. Jóźwiak,M,2804,814820,4.0,48.2,0,0,51.3,19.0,48.2,4.0,48.7,0,48.7,81.0,2.7,48.4,0.0,48.4,2.7,,,#ea6969
False,miss,corner,head,right,0.023343000560999,1928155,64,,3832,27,1568,shot,Enzo Copetti,,,enzo-copetti,E. Copetti,F,462,860045,8.0,37.9,0,0,33.4,20.8,37.9,8.0,66.6,0,66.6,79.2,2.8,50.4,0.0,50.4,2.8,,,#ea6969
False,block,assisted,left-foot,low-left,0.074901022017002,1928147,61,,3654,30,1746,shot,Benjamin Bender,,,benjamin-bender,B. Bender,M,98,982691,11.8,42.8,0,0,52.2,19.0,42.8,11.8,47.8,0,47.8,81.0,9.3,43.9,0.0,43.9,9.3,,,#ea6969
False,block,regular,left-foot,low-left,0.020192550495267,1928105,46,,2728,45,2672,shot,Karol Świderski,,,karol-swiderski,K. Świderski,F,3292,576438,30.0,67.1,0,0,52.1,19.0,67.1,30.0,47.9,0,47.9,81.0,20.2,60.8,0.0,60.8,20.2,,,#ea6969
False,block,assisted,right-foot,low-centre,0.11151967197657,1928058,36,,2131,10,569,shot,Enzo Copetti,,,enzo-copetti,E. Copetti,F,462,860045,9.7,55.7,0,0,51.5,19.0,55.7,9.7,48.5,0,48.5,81.0,7.9,54.3,0.0,54.3,7.9,,,#ea6969
False,save,assisted,right-foot,high-right,0.080830648541451,1928043,36,,2126,10,574,shot,Kerwin Calderón Vargas,Kerwin Calderón Vargas,,kerwin-calderon-vargas,K. C. Vargas,F,162,1131136,13.4,37.1,0,0,46.6,24.7,37.1,13.4,53.4,0,53.4,75.3,1.8,49.8,0.0,49.8,1.8,0.4551,,#ea6969
False,save,assisted,left-foot,low-centre,0.090260297060013,1928040,35,,2095,11,605,shot,Karol Świderski,,,karol-swiderski,K. Świderski,F,3292,576438,15.7,48.0,0,0,50.7,3.2,48.0,15.7,49.3,0,49.3,96.8,1.5,50.0,0.0,50.0,1.5,0.0433,,#ea6969
False,save,regular,right-foot,low-centre,0.10595619678497,1928033,29,,1724,17,976,shot,Kamil Jóźwiak,,,kamil-jozwiak,K. Jóźwiak,M,2804,814820,15.3,55.8,0,0,49.2,13.9,55.8,15.3,50.8,0,50.8,86.1,3.7,51.3,0.0,51.3,3.7,0.0265,,#ea6969
False,goal,assisted,left-foot,high-left,0.074836522340775,1928022,27,,1602,19,1098,shot,Karol Świderski,,,karol-swiderski,K. Świderski,F,3292,576438,17.9,41.7,0,0,52.7,20.3,41.7,17.9,47.3,0,47.3,79.7,,,,,,0.1483,regular,#00FF00
False,miss,free-kick,left-foot,high-left,0.029004525393248,1928014,23,,1372,23,1328,shot,Karol Świderski,,,karol-swiderski,K. Świderski,F,3292,576438,23.2,82.9,0,0,59.8,63.9,82.9,23.2,40.2,0,40.2,36.1,,,,,,,,#ea6969
False,miss,regular,left-foot,close-high-left,0.034471336752176,1928004,19,,1129,27,1571,shot,Karol Świderski,,,karol-swiderski,K. Świderski,F,3292,576438,19.6,65.7,0,0,56.1,56.9,65.7,19.6,43.9,0,43.9,43.1,,,,,,,,#ea6969
False,miss,corner,head,close-right,0.18454860150814,1916545,90,1.0,5456,1,844,shot,Derrick Jones,,,derrick-jones,D. Jones,M,36,844982,4.7,41.0,0,0,42.5,12.5,41.0,4.7,57.5,0,57.5,87.5,2.2,49.8,0.0,49.8,2.2,,,#ea6969
False,block,assisted,right-foot,low-centre,0.024241887032986,1916503,80,,4798,11,602,shot,Andre Shinyashiki,,,andre-shinyashiki,A. Shinyashiki,F,115,973284,21.8,36.7,0,0,51.3,19.0,36.7,21.8,48.7,0,48.7,81.0,18.6,38.4,0.0,38.4,18.6,,,#ea6969
False,goal,assisted,right-foot,high-left,0.44101712107658,1916447,70,,4177,21,1223,shot,Kamil Jóźwiak,,,kamil-jozwiak,K. Jóźwiak,M,2804,814820,7.1,46.8,0,0,52.9,27.2,46.8,7.1,47.1,0,47.1,72.8,,,,,,0.8206,regular,#00FF00
False,miss,regular,right-foot,left,0.02982147410512,1916425,63,,3738,28,1662,shot,Derrick Jones,,,derrick-jones,D. Jones,M,36,844982,28.1,50.3,0,0,64.2,4.2,50.3,28.1,35.8,0,35.8,95.8,17.1,44.8,0.0,44.8,17.1,,,#ea6969
False,block,assisted,right-foot,low-centre,0.020192550495267,1916424,63,,3725,28,1675,shot,Kerwin Calderón Vargas,Kerwin Calderón Vargas,,kerwin-calderon-vargas,K. C. Vargas,F,162,1131136,31.4,23.3,0,0,48.6,19.0,23.3,31.4,51.4,0,51.4,81.0,15.9,37.2,0.0,37.2,15.9,,,#ea6969
False,miss,corner,head,left,0.061387006193399,1916370,52,,3116,39,2284,shot,Adilson Malanda,Adilson Malanda,,adilson-malanda,A. Malanda,D,57,1095645,8.2,56.2,0,0,62.5,11.1,56.2,8.2,37.5,0,37.5,88.9,,,,,,,,#ea6969
False,goal,assisted,right-foot,low-left,0.089373983442783,1916349,51,,3001,40,2399,shot,Benjamin Bender,,,benjamin-bender,B. Bender,M,98,982691,10.7,55.3,0,0,53.9,6.3,55.3,10.7,46.1,0,46.1,93.7,,,,,,0.4333,regular,#00FF00
False,save,assisted,head,high-centre,0.041589137166739,1916178,26,,1505,20,1195,shot,Enzo Copetti,,,enzo-copetti,E. Copetti,F,462,860045,4.1,34.7,0,0,50.3,29.7,34.7,4.1,49.7,0,49.7,70.3,0.3,46.7,0.0,46.7,0.3,0.0433,,#ea6969
False,miss,assisted,right-foot,high,0.21523289382458,1916153,14,,833,32,1867,shot,Nuno Santos,,,nuno-santos,N. Santos,M,216,930552,9.3,59.8,0,0,55.1,69.4,59.8,9.3,44.9,0,44.9,30.6,,,,,,,,#ea6969
False,miss,set-piece,other,close-high,0.14711159467697,1916141,12,,710,34,1990,shot,Enzo Copetti,,,enzo-copetti,E. Copetti,F,462,860045,1.6,56.7,0,0,46.1,55.6,56.7,1.6,53.9,0,53.9,44.4,,,,,,,,#ea6969
False,save,regular,head,low-centre,0.05699173361063,1916135,11,,620,35,2080,shot,Nuno Santos,,,nuno-santos,N. Santos,M,216,930552,11.6,47.0,0,0,50.6,16.5,47.0,11.6,49.4,0,49.4,83.5,1.4,50.0,0.0,50.0,1.4,0.0263,,#ea6969
False,miss,regular,right-foot,close-left,0.26742836833,1916124,9,,518,37,2182,shot,Nuno Santos,,,nuno-santos,N. Santos,M,216,930552,17.7,50.0,0,0,58.2,4.2,50.0,17.7,41.8,0,41.8,95.8,,,,,,,,#ea6969
False,miss,assisted,right-foot,close-right,0.066817097365856,1916100,2,,72,44,2628,shot,Kerwin Calderón Vargas,Kerwin Calderón Vargas,,kerwin-calderon-vargas,K. C. Vargas,F,162,1131136,10.0,35.9,0,0,41.3,6.9,35.9,10.0,58.7,0,58.7,93.1,,,,,,,,#ea6969
True,miss,corner,head,high,0.17367407679558,1908252,86,,5124,5,276,shot,Jaylin Lindsey,,,jaylin-lindsey,J. Lindsey,D,77,906015,7.8,44.9,0,0,53.8,70.8,44.9,7.8,46.2,0,46.2,29.2,,,,,,,,#ea6969
True,miss,free-kick,right-foot,high,0.035454194992781,1908222,81,,4811,10,589,shot,Kerwin Calderón Vargas,Kerwin Calderón Vargas,,kerwin-calderon-vargas,K. C. Vargas,F,162,1131136,26.9,27.7,0,0,53.8,63.9,27.7,26.9,46.2,0,46.2,36.1,,,,,,,,#ea6969
True,goal,regular,right-foot,low-right,,1908204,74,,4426,17,974,shot,Andres Reyes,,,andres-reyes,A. Reyes,D,196,931708,4.4,43.7,0,0,46.7,3.8,43.7,4.4,53.3,0,53.3,96.2,,,,,,,own,#00FF00
True,block,free-kick,right-foot,low-centre,0.093703895807266,1908124,58,,3432,33,1968,shot,Nuno Santos,,,nuno-santos,N. Santos,M,216,930552,19.4,61.2,0,0,50.1,19.0,61.2,19.4,49.9,0,49.9,81.0,12.3,57.0,0.0,57.0,12.3,,,#ea6969
True,miss,regular,left-foot,high-left,0.079364806413651,1908093,48,,2872,43,2528,shot,Orrin McKinze Gaines II.,,,orrin-mckinze-gaines-ii,O. M. G. II.,F,28,818397,15.6,56.1,0,0,58.2,91.7,56.1,15.6,41.8,0,41.8,8.3,,,,,,,,#ea6969
True,block,assisted,left-foot,low-centre,0.072149254381657,1908092,48,,2869,43,2531,shot,Orrin McKinze Gaines II.,,,orrin-mckinze-gaines-ii,O. M. G. II.,F,28,818397,14.7,60.2,0,0,51.3,13.9,60.2,14.7,48.7,0,48.7,86.1,12.5,58.8,0.0,58.8,12.5,,,#ea6969
True,save,assisted,left-foot,low-right,0.15094755589962,1908011,15,,896,31,1804,shot,Orrin McKinze Gaines II.,,,orrin-mckinze-gaines-ii,O. M. G. II.,F,28,818397,6.9,44.5,0,0,46.8,3.8,44.5,6.9,53.2,0,53.2,96.2,0.7,48.7,0.0,48.7,0.7,0.3905,,#ea6969
False,post,corner,left-foot,right,0.095623463392258,1896899,49,,2932,42,2468,shot,Harrison Afful,,,harrison-afful,H. Afful,D,208,32741,13.8,47.8,0,0,44.5,3.8,47.8,13.8,55.5,0,55.5,96.2,,,,,,,,#ea6969
False,miss,corner,head,left,0.042417868971825,1896831,45,,2693,1,7,shot,Bill Tuiloma,,,bill-tuiloma,B. Tuiloma,D,71,155892,9.0,56.0,0,0,61.8,26.4,56.0,9.0,38.2,0,38.2,73.6,,,,,,,,#ea6969
False,goal,assisted,right-foot,low-left,0.063017509877682,1896807,37,,2197,9,503,shot,Kerwin Calderón Vargas,Kerwin Calderón Vargas,,kerwin-calderon-vargas,K. C. Vargas,F,162,1131136,15.5,36.4,0,0,53.6,4.4,36.4,15.5,46.4,0,46.4,95.6,,,,,,0.2011,regular,#00FF00
False,goal,assisted,right-foot,low-left,0.33713716268539,1896778,26,,1555,20,1145,shot,Enzo Copetti,,,enzo-copetti,E. Copetti,F,462,860045,9.8,57.5,0,0,52.1,2.5,57.5,9.8,47.9,0,47.9,97.5,,,,,,0.7668,regular,#00FF00
False,save,assisted,right-foot,low-centre,0.080553062260151,1896772,25,,1441,21,1259,shot,Orrin McKinze Gaines II.,,,orrin-mckinze-gaines-ii,O. M. G. II.,F,28,818397,9.9,60.5,0,0,51.6,5.1,60.5,9.9,48.4,0,48.4,94.9,2.3,52.5,0.0,52.5,2.3,0.1127,,#ea6969
False,block,assisted,head,low-centre,0.042603809386492,1896771,22,,1271,24,1429,shot,Ashley Westwood,,,ashley-westwood,A. Westwood,M,175,49647,11.6,44.9,0,0,49.1,19.0,44.9,11.6,50.9,0,50.9,81.0,7.3,47.1,0.0,47.1,7.3,,,#ea6969
False,miss,assisted,right-foot,close-right,0.022336924448609,1896755,16,,948,30,1752,shot,Kerwin Calderón Vargas,Kerwin Calderón Vargas,,kerwin-calderon-vargas,K. C. Vargas,F,162,1131136,16.4,29.1,0,0,43.4,15.3,29.1,16.4,56.6,0,56.6,84.7,,,,,,,,#ea6969
False,save,assisted,head,low-left,0.022910358384252,1896730,7,,386,39,2314,shot,Kerwin Calderón Vargas,Kerwin Calderón Vargas,,kerwin-calderon-vargas,K. C. Vargas,F,162,1131136,9.6,34.5,0,0,54.1,19.0,34.5,9.6,45.9,0,45.9,81.0,0.5,45.8,0.0,45.8,0.5,0.1923,,#ea6969
True,save,assisted,other,low-centre,0.094842582941055,1884243,84,,4993,7,407,shot,Enzo Copetti,,,enzo-copetti,E. Copetti,F,462,860045,8.0,53.6,0,0,48.5,12.0,53.6,8.0,51.5,0,51.5,88.0,1.1,51.3,0.0,51.3,1.1,0.0521,,#ea6969
True,miss,assisted,other,high,0.14131855964661,1884191,74,,4390,17,1010,shot,Enzo Copetti,,,enzo-copetti,E. Copetti,F,462,860045,4.5,54.2,0,0,49.7,66.7,54.2,4.5,50.3,0,50.3,33.3,,,,,,,,#ea6969
True,miss,assisted,head,close-left,0.16446223855019,1884185,71,,4221,20,1179,shot,Kamil Jóźwiak,,,kamil-jozwiak,K. Jóźwiak,M,2804,814820,3.0,39.8,0,0,56.6,26.4,39.8,3.0,43.4,0,43.4,73.6,,,,,,,,#ea6969
True,block,regular,left-foot,low-left,0.036783367395401,1884190,67,,3968,24,1432,shot,Karol Świderski,,,karol-swiderski,K. Świderski,F,3292,576438,18.8,37.1,0,0,52.7,19.0,37.1,18.8,47.3,0,47.3,81.0,15.7,38.8,0.0,38.8,15.7,,,#ea6969
True,miss,regular,head,right,0.10191065818071,1883985,45,,2677,1,23,shot,Derrick Jones,,,derrick-jones,D. Jones,M,36,844982,8.4,50.5,0,0,39.3,8.3,50.5,8.4,60.7,0,60.7,91.7,2.9,58.3,0.0,58.3,2.9,,,#ea6969
True,block,assisted,right-foot,low-centre,0.065781243145466,1883970,45,,2676,1,24,shot,Kamil Jóźwiak,,,kamil-jozwiak,K. Jóźwiak,M,2804,814820,14.6,43.8,0,0,50.5,19.0,43.8,14.6,49.5,0,49.5,81.0,13.1,44.4,0.0,44.4,13.1,,,#ea6969
True,miss,corner,head,left,0.056674130260944,1883947,43,,2525,3,175,shot,Karol Świderski,,,karol-swiderski,K. Świderski,F,3292,576438,7.4,57.3,0,0,62.2,4.2,57.3,7.4,37.8,0,37.8,95.8,,,,,,,,#ea6969
True,save,free-kick,left-foot,high-centre,0.037675879895687,1883946,42,,2491,4,209,shot,Karol Świderski,,,karol-swiderski,K. Świderski,F,3292,576438,24.2,72.8,0,0,49.1,34.8,72.8,24.2,50.9,0,50.9,65.2,0.59999999999999,48.9,0.0,48.9,0.59999999999999,0.0989,,#ea6969
True,miss,assisted,head,left,0.030854515731335,1884062,29,,1690,17,1010,shot,Ashley Westwood,,,ashley-westwood,A. Westwood,M,175,49647,8.8,63.3,0,0,77.3,4.2,63.3,8.8,22.7,0,22.7,95.8,5.9,45.1,0.0,45.1,5.9,,,#ea6969
True,miss,regular,right-foot,close-high,0.16715404391289,1883836,17,,977,29,1723,shot,Adilson Malanda,Adilson Malanda,,adilson-malanda,A. Malanda,D,57,1095645,8.3,56.7,0,0,47.2,50.0,56.7,8.3,52.8,0,52.8,50.0,,,,,,,,#ea6969
True,block,assisted,right-foot,low-left,0.27773720026016,1883835,15,,880,31,1820,shot,Karol Świderski,,,karol-swiderski,K. Świderski,F,3292,576438,5.4,48.9,0,0,53.1,19.0,48.9,5.4,46.9,0,46.9,81.0,3.8,48.4,0.0,48.4,3.8,,,#ea6969
True,save,free-kick,right-foot,high-centre,0.04837141931057,1883782,4,,199,42,2501,shot,Bill Tuiloma,,,bill-tuiloma,B. Tuiloma,D,71,155892,22.9,29.1,0,0,51.4,26.6,29.1,22.9,48.6,0,48.6,73.4,0.7,49.1,0.0,49.1,0.7,0.0867,,#ea6969
False,save,fast-break,right-foot,low-left,0.02922716178,1874395,90,1.0,5457,1,843,shot,Kerwin Calderón Vargas,Kerwin Calderón Vargas,,kerwin-calderon-vargas,K. C. Vargas,F,162,1131136,31.5,27.7,0,0,53.8,3.8,27.7,31.5,46.2,0,46.2,96.2,7.7,44.8,0.0,44.8,7.7,0.2408,,#ea6969
False,miss,regular,right-foot,high-left,0.051470212638378,1874370,75,,4499,16,901,shot,Nathan Byrne,,,nathan-byrne,N. Byrne,D,25,147887,14.8,69.0,0,0,58.5,86.1,69.0,14.8,41.5,0,41.5,13.9,,,,,,,,#ea6969
False,save,assisted,head,low-centre,0.2237091511488,1874369,75,,4497,16,903,shot,Nuno Santos,,,nuno-santos,N. Santos,M,216,930552,8.0,50.4,0,0,50.0,3.2,50.4,8.0,50.0,0,50.0,96.8,0.90000000000001,49.6,0.0,49.6,0.90000000000001,0.1512,,#ea6969
False,miss,assisted,head,close-right,0.061573412269354,1874333,59,,3532,32,1868,shot,Andre Shinyashiki,,,andre-shinyashiki,A. Shinyashiki,F,115,973284,10.4,55.2,0,0,40.8,6.9,55.2,10.4,59.2,0,59.2,93.1,,,,,,,,#ea6969
False,block,set-piece,head,low-centre,0.025389842689037,1874281,45,2.0,2815,1,2585,shot,Karol Świderski,,,karol-swiderski,K. Świderski,F,3292,576438,12.2,42.2,0,0,49.9,19.0,42.2,12.2,50.1,0,50.1,81.0,10.5,43.3,0.0,43.3,10.5,,,#ea6969
False,goal,assisted,head,low-left,0.29476898908615,1874237,25,,1480,21,1220,shot,Enzo Copetti,,,enzo-copetti,E. Copetti,F,462,860045,7.3,53.2,0,0,54.4,3.8,53.2,7.3,45.6,0,45.6,96.2,,,,,,0.8788,regular,#00FF00
True,miss,assisted,head,right,0.11675998568535,1863890,90,3.0,5527,1,773,shot,Karol Świderski,,,karol-swiderski,K. Świderski,F,3292,576438,7.9,54.3,0,0,40.2,19.4,54.3,7.9,59.8,0,59.8,80.6,,,,,,,,#ea6969
True,save,corner,head,low-centre,0.099120445549488,1863895,90,1.0,5441,1,859,shot,Enzo Copetti,,,enzo-copetti,E. Copetti,F,462,860045,7.7,50.0,0,0,50.4,15.8,50.0,7.7,49.6,0,49.6,84.2,1.6,50.2,0.0,50.2,1.6,0.027,,#ea6969
True,post,assisted,head,right,0.074251376092434,1863887,90,1.0,5419,1,881,shot,Kerwin Calderón Vargas,Kerwin Calderón Vargas,,kerwin-calderon-vargas,K. C. Vargas,F,162,1131136,8.0,44.5,0,0,44.8,13.3,44.5,8.0,55.2,0,55.2,86.7,,,,,,,,#ea6969
True,save,assisted,left-foot,low-centre,0.16837954521179,1863870,85,,5076,6,324,shot,Karol Świderski,,,karol-swiderski,K. Świderski,F,3292,576438,8.7,61.4,0,0,50.3,7.6,61.4,8.7,49.7,0,49.7,92.4,1.4,52.9,0.0,52.9,1.4,0.0263,,#ea6969
True,save,assisted,right-foot,low-centre,0.10284409672022,1863861,82,,4864,9,536,shot,Andre Shinyashiki,,,andre-shinyashiki,A. Shinyashiki,F,115,973284,15.4,44.3,0,0,51.4,6.3,44.3,15.4,48.6,0,48.6,93.7,1.8,49.5,0.0,49.5,1.8,0.0568,,#ea6969
True,block,assisted,left-foot,low-centre,0.045769896358252,1863848,80,,4786,11,614,shot,Brandt Bronico,,,brandt-bronico,B. Bronico,M,31,873709,16.2,38.2,0,0,50.0,19.0,38.2,16.2,50.0,0,50.0,81.0,14.9,39.2,0.0,39.2,14.9,,,#ea6969
True,miss,assisted,right-foot,high,0.068780571222305,1863844,79,,4711,12,689,shot,Kerwin Calderón Vargas,Kerwin Calderón Vargas,,kerwin-calderon-vargas,K. C. Vargas,F,162,1131136,12.6,34.9,0,0,44.2,69.4,34.9,12.6,55.8,0,55.8,30.6,,,,,,,,#ea6969
True,save,assisted,right-foot,low-centre,0.023275777697563,1863808,70,,4169,21,1231,shot,Kerwin Calderón Vargas,Kerwin Calderón Vargas,,kerwin-calderon-vargas,K. C. Vargas,F,162,1131136,20.5,28.3,0,0,50.9,13.9,28.3,20.5,49.1,0,49.1,86.1,2.2,48.6,0.0,48.6,2.2,0.0219,,#ea6969
True,miss,set-piece,right-foot,close-left,0.021061705425382,1863795,65,,3880,26,1520,shot,Bill Tuiloma,,,bill-tuiloma,B. Tuiloma,D,71,155892,28.2,36.8,0,0,57.3,15.3,36.8,28.2,42.7,0,42.7,84.7,,,,,,,,#ea6969
True,miss,assisted,head,left,0.056576836854219,1863794,64,,3835,27,1565,shot,Karol Świderski,,,karol-swiderski,K. Świderski,F,3292,576438,11.5,48.7,0,0,60.0,19.4,48.7,11.5,40.0,0,40.0,80.6,,,,,,,,#ea6969
True,miss,assisted,left-foot,close-left,0.13115155696869,1863778,57,,3408,34,1992,shot,Enzo Copetti,,,enzo-copetti,E. Copetti,F,462,860045,9.1,47.2,0,0,58.8,11.1,47.2,9.1,41.2,0,41.2,88.9,,,,,,,,#ea6969
True,miss,corner,head,right,0.086568757891655,1863761,52,,3110,39,2290,shot,Enzo Copetti,,,enzo-copetti,E. Copetti,F,462,860045,7.2,56.1,0,0,38.0,30.6,56.1,7.2,62.0,0,62.0,69.4,,,,,,,,#ea6969
True,block,assisted,right-foot,low-centre,0.066495403647423,1863740,46,,2737,45,2663,shot,Enzo Copetti,,,enzo-copetti,E. Copetti,F,462,860045,19.6,52.2,0,0,51.1,19.0,52.2,19.6,48.9,0,48.9,81.0,16.2,51.6,0.0,51.6,16.2,,,#ea6969
True,block,assisted,left-foot,low-left,0.066519573330879,1863675,28,,1636,18,1064,shot,Karol Świderski,,,karol-swiderski,K. Świderski,F,3292,576438,14.5,50.5,0,0,52.4,19.0,50.5,14.5,47.6,0,47.6,81.0,12.9,50.2,0.0,50.2,12.9,,,#ea6969
True,miss,assisted,left-foot,high,0.068627744913101,1863648,21,,1232,25,1468,shot,Ashley Westwood,,,ashley-westwood,A. Westwood,M,175,49647,14.8,49.6,0,0,53.3,65.3,49.6,14.8,46.7,0,46.7,34.7,,,,,,,,#ea6969
